"";"properties_skz";"lat";"long";"school_adress";"properties_bezeichnung";"properties_erhalter";"elevation";"tooltip"
"1";923081;48,136578;16,2750211;"Korbgasse 1, 1230 Wien";"Volksschule";"öffentl.";0,240740740740741;"24% - 

 - Volksschule - Korbgasse 1, 1230 Wien - 

 - öffentl."
"2";923101;48,1360686;16,2597188;"Fürst Liechtenstein-Straße 17, 1230 Wien";"Volksschule";"öffentl.";0,156862745098039;"16% - 

 - Volksschule - Fürst Liechtenstein-Straße 17, 1230 Wien - 

 - öffentl."
"3";923011;48,1476943;16,2946485;"Kirchenplatz 2-3, 1230 Wien";"Volksschule";"öffentl.";0,208955223880597;"21% - 

 - Volksschule - Kirchenplatz 2-3, 1230 Wien - 

 - öffentl."
"4";923161;48,1289213;16,3146712;"Akaziengasse 52-54, 1230 Wien";"Volksschule";"öffentl.";0,263157894736842;"26% - 

 - Volksschule - Akaziengasse 52-54, 1230 Wien - 

 - öffentl."
"5";923201;48,1481636;16,3120419;"Alma-Seidler-Weg 2, 1230 Wien";"Volksschule";"öffentl.";0,371428571428571;"37% - 

 - Volksschule - Alma-Seidler-Weg 2, 1230 Wien - 

 - öffentl."
"6";923181;48,151477;16,314464;"Anton Baumgartner-Straße 44/II, 1230 Wien";"Volksschule II";"öffentl.";0,656716417910448;"66% - 

 - Volksschule II - Anton Baumgartner-Straße 44/II, 1230 Wien - 

 - öffentl."
"7";923061;48,1424935;16,3122243;"Erlaaer Straße 74, 1230 Wien";"Volksschule";"öffentl.";0,506329113924051;"51% - 

 - Volksschule - Erlaaer Straße 74, 1230 Wien - 

 - öffentl."
"8";923041;48,1502442;16,3107987;"Anton Baumgartner-Straße 44/I, 1230 Wien";"Volksschule I";"öffentl.";0,597402597402597;"60% - 

 - Volksschule I - Anton Baumgartner-Straße 44/I, 1230 Wien - 

 - öffentl."
"9";923031;48,1446982;16,2840634;"Prückelmayrgasse 6, 1230 Wien";"Volksschule II";"öffentl.";0,180851063829787;"18% - 

 - Volksschule II - Prückelmayrgasse 6, 1230 Wien - 

 - öffentl."
"10";923071;48,149806;16,3476315;"Draschestraße 96, 1230 Wien";"Volksschule";"öffentl.";0,456521739130435;"46% - 

 - Volksschule - Draschestraße 96, 1230 Wien - 

 - öffentl."
"11";923051;48,1504058;16,3186675;"Anton Baumgartner-Straße 119, 1230 Wien";"Volksschule";"öffentl.";0,28125;"28% - 

 - Volksschule - Anton Baumgartner-Straße 119, 1230 Wien - 

 - öffentl."
"12";923151;48,1522597;16,2675469;"Bendagasse 1-2, 1230 Wien";"Volksschule";"öffentl.";0,511450381679389;"51% - 

 - Volksschule - Bendagasse 1-2, 1230 Wien - 

 - öffentl."
"13";923241;48,1478691;16,2805479;"Endresstraße 59 C, 1230 Wien";"Priv. Volksschule Tankstelle- d.Schule d.Vereins Verein z.Betrieb d.kath.Privatsch. m.ökum.Schwerp.Tankst.d.Schule";"privat";NA;"NA - 

 - Priv. Volksschule Tankstelle- d.Schule d.Vereins Verein z.Betrieb d.kath.Privatsch. m.ökum.Schwerp.Tankst.d.Schule - Endresstraße 59 C, 1230 Wien - 

 - privat"
"14";923191;48,1344841;16,2457424;"Promenadeweg 3, 1230 Wien";"Volksschule Kollegium Kalksburg der Vereinigung von Ordensschulen Österreichs";"privat";0,890909090909091;"89% - 

 - Volksschule Kollegium Kalksburg der Vereinigung von Ordensschulen Österreichs - Promenadeweg 3, 1230 Wien - 

 - privat"
"15";923121;48,131631;16,2551461;"Willergasse 55, 1230 Wien";"Private Volksschule des Schulvereines Institut Sancta Christiana";"privat";0,509433962264151;"51% - 

 - Private Volksschule des Schulvereines Institut Sancta Christiana - Willergasse 55, 1230 Wien - 

 - privat"
"16";923131;48,156409;16,2644965;"Franz Asenbauer-Gasse 49, 1230 Wien";"Volksschule St. Ursula Wien";"privat";0,828571428571429;"83% - 

 - Volksschule St. Ursula Wien - Franz Asenbauer-Gasse 49, 1230 Wien - 

 - privat"
"17";923171;48,1481861;16,2611417;"Maurer Lange-Gasse 115, 1230 Wien";"Private Volksschule der Schulstiftung der Erzdiözese Wien";"privat";0,776315789473684;"78% - 

 - Private Volksschule der Schulstiftung der Erzdiözese Wien - Maurer Lange-Gasse 115, 1230 Wien - 

 - privat"
"18";922391;48,2621192;16,4529692;"Wagramer Straße 224B, 1220 Wien";"Volksschule";"öffentl.";NA;"NA - 

 - Volksschule - Wagramer Straße 224B, 1220 Wien - 

 - öffentl."
"19";922331;48,2350174;16,4100614;"Leonhard Bernstein-Str. 2 (Donaucity), 1220 Wien";"Volksschule";"öffentl.";0,391304347826087;"39% - 

 - Volksschule - Leonhard Bernstein-Str. 2 (Donaucity), 1220 Wien - 

 - öffentl."
"20";922371;48,2481041;16,4349199;"Attemsgasse 22, 1220 Wien";"Volksschule";"öffentl.";NA;"NA - 

 - Volksschule - Attemsgasse 22, 1220 Wien - 

 - öffentl."
"21";922321;48,2265628;16,4189627;"Am Kaisermühlendamm 2, 1220 Wien";"Volksschule";"öffentl.";0,493333333333333;"49% - 

 - Volksschule - Am Kaisermühlendamm 2, 1220 Wien - 

 - öffentl."
"22";922141;48,2280104;16,4199847;"Schüttaustraße 42, 1223 Wien";"Volksschule";"öffentl.";0,28;"28% - 

 - Volksschule - Schüttaustraße 42, 1223 Wien - 

 - öffentl."
"23";922311;48,2365434;16,4242779;"Wagramer Straße 27, 1220 Wien";"Volksschule";"öffentl.";0,574074074074074;"57% - 

 - Volksschule - Wagramer Straße 27, 1220 Wien - 

 - öffentl."
"24";922101;48,2427334;16,4441792;"Natorpgasse 1, 1222 Wien";"Volksschule I";"öffentl.";0,48;"48% - 

 - Volksschule I - Natorpgasse 1, 1222 Wien - 

 - öffentl."
"25";922091;48,2463625;16,4384439;"Meissnergasse 1, 1222 Wien";"Volksschule";"öffentl.";0,341772151898734;"34% - 

 - Volksschule - Meissnergasse 1, 1222 Wien - 

 - öffentl."
"26";922061;48,2512655;16,4395053;"Klenaugasse 12, 1222 Wien";"Volksschule";"öffentl.";0,302631578947368;"30% - 

 - Volksschule - Klenaugasse 12, 1222 Wien - 

 - öffentl."
"27";922071;48,2230753;16,4536679;"Konstanziagasse 24, 1220 Wien";"Volksschule";"öffentl.";0,28;"28% - 

 - Volksschule - Konstanziagasse 24, 1220 Wien - 

 - öffentl."
"28";922131;48,2348951;16,4747224;"Schrebergasse 39, 1225 Wien";"Volksschule";"öffentl.";0,0384615384615385;"4% - 

 - Volksschule - Schrebergasse 39, 1225 Wien - 

 - öffentl."
"29";922111;48,2464059;16,4312393;"Prandaugasse 5, 1222 Wien";"Volksschule";"öffentl.";0,631578947368421;"63% - 

 - Volksschule - Prandaugasse 5, 1222 Wien - 

 - öffentl."
"30";922211;48,2521982;16,4547205;"Bertha-von-Suttner-Gasse 7, 1220 Wien";"Volksschule";"öffentl.";0,230769230769231;"23% - 

 - Volksschule - Bertha-von-Suttner-Gasse 7, 1220 Wien - 

 - öffentl."
"31";922221;48,260999;16,4419528;"Brioschiweg 1 und 3, 1220 Wien";"Volksschule";"öffentl.";0,267857142857143;"27% - 

 - Volksschule - Brioschiweg 1 und 3, 1220 Wien - 

 - öffentl."
"32";922191;48,2571026;16,4571258;"Mira-Lobe-Weg 4, 1220 Wien";"Volksschule";"öffentl.";0,15;"15% - 

 - Volksschule - Mira-Lobe-Weg 4, 1220 Wien - 

 - öffentl."
"33";922011;48,2172761;16,48366;"Asperner Heldenplatz 3, 1224 Wien";"Volksschule";"öffentl.";0,554455445544555;"55% - 

 - Volksschule - Asperner Heldenplatz 3, 1224 Wien - 

 - öffentl."
"34";922031;48,2143249;16,5264803;"Esslinger Hauptstraße 97, 1228 Wien";"Volksschule";"öffentl.";0,461538461538462;"46% - 

 - Volksschule - Esslinger Hauptstraße 97, 1228 Wien - 

 - öffentl."
"35";922301;48,216487;16,4716517;"Hammerfestweg 1, 1220 Wien";"Volksschule";"öffentl.";0,354166666666667;"35% - 

 - Volksschule - Hammerfestweg 1, 1220 Wien - 

 - öffentl."
"36";922291;48,2458271;16,4727451;"Pastinakweg 10, 1220 Wien";"Volksschule";"öffentl.";0,355263157894737;"36% - 

 - Volksschule - Pastinakweg 10, 1220 Wien - 

 - öffentl."
"37";922171;48,2396703;16,4830504;"Pirquetgasse 6b, 1220 Wien";"Volksschule";"öffentl.";0,147727272727273;"15% - 

 - Volksschule - Pirquetgasse 6b, 1220 Wien - 

 - öffentl."
"38";922021;48,2525936;16,5014331;"Schukowitzgasse 89, 1220 Wien";"Volksschule";"öffentl.";0,494949494949495;"49% - 

 - Volksschule - Schukowitzgasse 89, 1220 Wien - 

 - öffentl."
"39";922271;48,2177489;16,4804441;"Oberdorfstraße 2, 1220 Wien";"Volksschule";"öffentl.";0,378640776699029;"38% - 

 - Volksschule - Oberdorfstraße 2, 1220 Wien - 

 - öffentl."
"40";922051;48,2367682;16,444624;"Georg-Bilgeri-Straße 13, 1220 Wien";"Volksschule";"öffentl.";0,277777777777778;"28% - 

 - Volksschule - Georg-Bilgeri-Straße 13, 1220 Wien - 

 - öffentl."
"41";922281;48,2113319;16,5161563;"Viktor Wittnergasse, 1220 Wien";"Volksschule";"öffentl.";0,535353535353535;"54% - 

 - Volksschule - Viktor Wittnergasse, 1220 Wien - 

 - öffentl."
"42";922151;48,2188557;16,4573993;"Hardeggasse 65, 1220 Wien";"Volksschule des Trägerverein Werke der Schwestern vom Armen Kinde Jesus";"privat";0,722222222222222;"72% - 

 - Volksschule des Trägerverein Werke der Schwestern vom Armen Kinde Jesus - Hardeggasse 65, 1220 Wien - 

 - privat"
"43";922161;48,228411;16,4213715;"Schödlbergergasse 20, 1223 Wien";"Volksschule der Vereinigung von Ordensschulen Österreichs";"privat";0,815217391304348;"82% - 

 - Volksschule der Vereinigung von Ordensschulen Österreichs - Schödlbergergasse 20, 1223 Wien - 

 - privat"
"44";922341;48,2561582;16,4420237;"Jüptnergasse 4, 1220 Wien";"Arche Noah Private Volksschule der Kirche der Siebenten-Tags-Adventisten des Schulvereins der Siebenten Tags-Adventisten";"privat";0;"0% - 

 - Arche Noah Private Volksschule der Kirche der Siebenten-Tags-Adventisten des Schulvereins der Siebenten Tags-Adventisten - Jüptnergasse 4, 1220 Wien - 

 - privat"
"45";922381;48,248777;16,4517095;"Kagraner Platz 27, 1220 Wien";"Priv. Volksschule Life d. Vereins Life-Family-Work Ver. z.Unterst.d. Vereinbark. v. Familie u.Erwerbstätigkeit";"privat";0,25;"25% - 

 - Priv. Volksschule Life d. Vereins Life-Family-Work Ver. z.Unterst.d. Vereinbark. v. Familie u.Erwerbstätigkeit - Kagraner Platz 27, 1220 Wien - 

 - privat"
"46";921181;48,2682891;16,3883986;"Schillgasse 31, 1210 Wien";"Volksschule";"öffentl.";0,319148936170213;"32% - 

 - Volksschule - Schillgasse 31, 1210 Wien - 

 - öffentl."
"47";921071;48,2999743;16,4133998;"Dr.-Skala-Straße 43-45, 1210 Wien";"Volksschule";"öffentl.";0,654545454545455;"65% - 

 - Volksschule - Dr.-Skala-Straße 43-45, 1210 Wien - 

 - öffentl."
"48";921031;48,2758621;16,4109577;"Berzeliusgasse 2, 1210 Wien";"Volksschule";"öffentl.";0,212765957446809;"21% - 

 - Volksschule - Berzeliusgasse 2, 1210 Wien - 

 - öffentl."
"49";921301;48,2866777;16,4206322;"Rittingergasse 29A, 1210 Wien";"Volksschule";"öffentl.";0,63265306122449;"63% - 

 - Volksschule - Rittingergasse 29A, 1210 Wien - 

 - öffentl."
"50";921041;48,2769341;16,4085817;"Brünner Straße 139, 1210 Wien";"Volksschule";"öffentl.";0,333333333333333;"33% - 

 - Volksschule - Brünner Straße 139, 1210 Wien - 

 - öffentl."
"51";921281;48,2780553;16,419847;"Marco-Polo-Platz 9, 1210 Wien";"Volksschule";"öffentl.";0,32;"32% - 

 - Volksschule - Marco-Polo-Platz 9, 1210 Wien - 

 - öffentl."
"52";921141;48,2711543;16,444838;"Pastorstraße 29, 1210 Wien";"Volksschule";"öffentl.";0,258620689655172;"26% - 

 - Volksschule - Pastorstraße 29, 1210 Wien - 

 - öffentl."
"53";921021;48,2769617;16,3840182;"Tomaschekstraße 44, 1210 Wien";"Volksschule";"öffentl.";0,36734693877551;"37% - 

 - Volksschule - Tomaschekstraße 44, 1210 Wien - 

 - öffentl."
"54";921351;48,2690452;16,4536264;"Adolf-Loos-Gasse 2, 1210 Wien";"Volksschule";"öffentl.";0,204081632653061;"20% - 

 - Volksschule - Adolf-Loos-Gasse 2, 1210 Wien - 

 - öffentl."
"55";921161;48,2520373;16,4012157;"Priessnitzgasse 1/I, 1210 Wien";"Volksschule";"öffentl.";0,470588235294118;"47% - 

 - Volksschule - Priessnitzgasse 1/I, 1210 Wien - 

 - öffentl."
"56";921091;48,2736093;16,4516533;"Herzmanovsky-Orlando-Gasse 11, 1210 Wien";"Volksschule";"öffentl.";0,402439024390244;"40% - 

 - Volksschule - Herzmanovsky-Orlando-Gasse 11, 1210 Wien - 

 - öffentl."
"57";921111;48,2800538;16,4021927;"Jochbergengasse 1, 1210 Wien";"Volksschule";"öffentl.";0,240740740740741;"24% - 

 - Volksschule - Jochbergengasse 1, 1210 Wien - 

 - öffentl."
"58";921251;48,2701705;16,4432297;"Dopschstraße 25, 1210 Wien";"Volksschule";"öffentl.";0,356164383561644;"36% - 

 - Volksschule - Dopschstraße 25, 1210 Wien - 

 - öffentl."
"59";921081;48,2603487;16,3894754;"Dunantgasse 2, 1210 Wien";"Volksschule";"öffentl.";0,373493975903614;"37% - 

 - Volksschule - Dunantgasse 2, 1210 Wien - 

 - öffentl."
"60";921101;48,2903152;16,3887002;"Irenäusgasse 2, 1210 Wien";"Volksschule";"öffentl.";0,377777777777778;"38% - 

 - Volksschule - Irenäusgasse 2, 1210 Wien - 

 - öffentl."
"61";921121;48,2821073;16,448797;"Lavantgasse 35, 1210 Wien";"Volksschule";"öffentl.";0,459459459459459;"46% - 

 - Volksschule - Lavantgasse 35, 1210 Wien - 

 - öffentl."
"62";921311;48,2924194;16,4150401;"Schumpeterweg 3, 1210 Wien";"Volksschule";"öffentl.";0,5;"50% - 

 - Volksschule - Schumpeterweg 3, 1210 Wien - 

 - öffentl."
"63";921381;48,2533969;16,4168851;"Donaufelderstraße 77, 1210 Wien";"Volksschule";"öffentl.";0,549295774647887;"55% - 

 - Volksschule - Donaufelderstraße 77, 1210 Wien - 

 - öffentl."
"64";921321;48,2846679;16,4102944;"Hanreitergasse 2, 1210 Wien";"Volksschule";"öffentl.";0,392405063291139;"39% - 

 - Volksschule - Hanreitergasse 2, 1210 Wien - 

 - öffentl."
"65";921191;48,252128;16,4011567;"Priessnitzgasse 1-3/II, 1210 Wien";"Volksschule";"öffentl.";0,555555555555556;"56% - 

 - Volksschule - Priessnitzgasse 1-3/II, 1210 Wien - 

 - öffentl."
"66";921051;48,2661283;16,3833252;"Christian-Bucher-Gasse 14, 1210 Wien";"Volksschule";"öffentl.";0,376811594202899;"38% - 

 - Volksschule - Christian-Bucher-Gasse 14, 1210 Wien - 

 - öffentl."
"67";921131;48,2561446;16,4099998;"Mengergasse 33, 1210 Wien";"Volksschule";"öffentl.";0,350649350649351;"35% - 

 - Volksschule - Mengergasse 33, 1210 Wien - 

 - öffentl."
"68";921331;48,2595235;16,4374077;"Zehdengasse 9, 1210 Wien";"Volksschule";"öffentl.";0,431818181818182;"43% - 

 - Volksschule - Zehdengasse 9, 1210 Wien - 

 - öffentl."
"69";921201;48,2942221;16,3809957;"Mayerweckstraße 1, 1210 Wien";"Private Volksschule Strebersdorf der Privaten Pädagogischen Hochschule - Hochschulstiftung Erzdiözese Wien (921670)";"privat";0,672131147540984;"67% - 

 - Private Volksschule Strebersdorf der Privaten Pädagogischen Hochschule - Hochschulstiftung Erzdiözese Wien (921670) - Mayerweckstraße 1, 1210 Wien - 

 - privat"
"70";921211;48,2973041;16,3887967;"Anton-Böck-Gasse 20, 1210 Wien";"Private Volksschule des Schulvereins De La Salle";"privat";0,802083333333333;"80% - 

 - Private Volksschule des Schulvereins De La Salle - Anton-Böck-Gasse 20, 1210 Wien - 

 - privat"
"71";921361;48,259603;16,4024677;"Weisselgasse 28, Nordbahnanlage 3, 1210 Wien";"Privatschule Vienna International Islamic Schools Volksschule des Vereins Al-Azhar International Schools";"privat";0,125;"12% - 

 - Privatschule Vienna International Islamic Schools Volksschule des Vereins Al-Azhar International Schools - Weisselgasse 28, Nordbahnanlage 3, 1210 Wien - 

 - privat"
"72";921411;48,27559;16,3891397;"Pragerstraße 124, 1210 Wien";"Priv.Volksschule Avicenna (lbn Sina) d. Vereins Kulturverein f. Völkerverständigung u. Bildung, Hafes-Goethe (HAGOE)";"privat";0,785714285714286;"79% - 

 - Priv.Volksschule Avicenna (lbn Sina) d. Vereins Kulturverein f. Völkerverständigung u. Bildung, Hafes-Goethe (HAGOE) - Pragerstraße 124, 1210 Wien - 

 - privat"
"73";920141;48,2411642;16,3829568;"Durchlaufstraße 23, 1200 Wien";"Volksschule";"öffentl.";0,425531914893617;"43% - 

 - Volksschule - Durchlaufstraße 23, 1200 Wien - 

 - öffentl."
"74";920161;48,2350831;16,390357;"Engerthstraße 134, 1200 Wien";"Volksschule";"öffentl.";NA;"NA - 

 - Volksschule - Engerthstraße 134, 1200 Wien - 

 - öffentl."
"75";920011;48,2407738;16,3820056;"Vorgartenstraße 42, 1200 Wien";"Volksschule";"öffentl.";0,242857142857143;"24% - 

 - Volksschule - Vorgartenstraße 42, 1200 Wien - 

 - öffentl."
"76";920071;48,2430988;16,3776863;"Leystraße 34, 1200 Wien";"Volksschule";"öffentl.";0,284403669724771;"28% - 

 - Volksschule - Leystraße 34, 1200 Wien - 

 - öffentl."
"77";920111;48,2405285;16,3678916;"Spielmanngasse 1, 1200 Wien";"Volksschule II";"öffentl.";0,493506493506494;"49% - 

 - Volksschule II - Spielmanngasse 1, 1200 Wien - 

 - öffentl."
"78";920091;48,2406688;16,3675491;"Dietmayrgasse 3, 1200 Wien";"Volksschule I";"öffentl.";0,230769230769231;"23% - 

 - Volksschule I - Dietmayrgasse 3, 1200 Wien - 

 - öffentl."
"79";920051;48,2314942;16,3739604;"Greiseneckergasse 29, 1200 Wien";"Volksschule";"öffentl.";0,255555555555556;"26% - 

 - Volksschule - Greiseneckergasse 29, 1200 Wien - 

 - öffentl."
"80";920081;48,2345402;16,3898385;"Vorgartenstraße 95-97, 1200 Wien";"Volksschule";"öffentl.";0,494949494949495;"49% - 

 - Volksschule - Vorgartenstraße 95-97, 1200 Wien - 

 - öffentl."
"81";920031;48,2312664;16,3641258;"Treustraße 53-55, 1200 Wien";"Volksschule";"öffentl.";0,33;"33% - 

 - Volksschule - Treustraße 53-55, 1200 Wien - 

 - öffentl."
"82";920121;48,248569;16,3742309;"Robert-Blum-Gasse 2, 1200 Wien";"Volksschule";"öffentl.";0,564356435643564;"56% - 

 - Volksschule - Robert-Blum-Gasse 2, 1200 Wien - 

 - öffentl."
"83";919071;48,2576658;16,3632912;"Oskar-Spiel-Gasse 3, 1190 Wien";"Volksschule";"öffentl.";0,375;"38% - 

 - Volksschule - Oskar-Spiel-Gasse 3, 1190 Wien - 

 - öffentl."
"84";919041;48,2402719;16,3522745;"Kreindlgasse 24, 1190 Wien";"Volksschule";"öffentl.";0,745098039215686;"75% - 

 - Volksschule - Kreindlgasse 24, 1190 Wien - 

 - öffentl."
"85";919091;48,2484814;16,3303745;"Windhabergasse 2, 1190 Wien";"Volksschule";"öffentl.";0,727272727272727;"73% - 

 - Volksschule - Windhabergasse 2, 1190 Wien - 

 - öffentl."
"86";919081;48,235755;16,35417;"Pantzergasse 25, 1190 Wien";"Volksschule";"öffentl.";0,320754716981132;"32% - 

 - Volksschule - Pantzergasse 25, 1190 Wien - 

 - öffentl."
"87";919061;48,2558963;16,3390779;"Mannagettagasse 1, 1190 Wien";"Volksschule";"öffentl.";0,795918367346939;"80% - 

 - Volksschule - Mannagettagasse 1, 1190 Wien - 

 - öffentl."
"88";919031;48,2538734;16,3580633;"Grinzinger Straße 84-88, 1190 Wien";"Volksschule";"öffentl.";0,746835443037975;"75% - 

 - Volksschule - Grinzinger Straße 84-88, 1190 Wien - 

 - öffentl."
"89";919051;48,2423542;16,3258047;"Krottenbachstraße 108, 1190 Wien";"Volksschule";"öffentl.";0,727272727272727;"73% - 

 - Volksschule - Krottenbachstraße 108, 1190 Wien - 

 - öffentl."
"90";919101;48,2514276;16,3386792;"Alfred-Wegener-Gasse 10, 1190 Wien";"Volksschule des Institutes Neulandschulen";"privat";0,866666666666667;"87% - 

 - Volksschule des Institutes Neulandschulen - Alfred-Wegener-Gasse 10, 1190 Wien - 

 - privat"
"91";919111;48,2422742;16,3553685;"Döblinger Hauptstraße 83, 1190 Wien";"Private Volksschule Maria Regina des Trägervereins Werke der Schwestern vom Armen Kinde Jesus";"privat";0,951219512195122;"95% - 

 - Private Volksschule Maria Regina des Trägervereins Werke der Schwestern vom Armen Kinde Jesus - Döblinger Hauptstraße 83, 1190 Wien - 

 - privat"
"92";918031;48,2205256;16,3423199;"Klettenhofergasse 3, 1180 Wien";"Volksschule";"öffentl.";0,238095238095238;"24% - 

 - Volksschule - Klettenhofergasse 3, 1180 Wien - 

 - öffentl."
"93";918021;48,2290406;16,3399625;"Cottagegasse 17, 1180 Wien";"Volksschule";"öffentl.";0,64;"64% - 

 - Volksschule - Cottagegasse 17, 1180 Wien - 

 - öffentl."
"94";918041;48,2296856;16,3335993;"Köhlergasse 9, 1180 Wien";"Volksschule";"öffentl.";0,92;"92% - 

 - Volksschule - Köhlergasse 9, 1180 Wien - 

 - öffentl."
"95";918061;48,2254559;16,3388577;"Schulgasse 57, 1180 Wien";"Volksschule";"öffentl.";0,458333333333333;"46% - 

 - Volksschule - Schulgasse 57, 1180 Wien - 

 - öffentl."
"96";918051;48,2372508;16,3172523;"Scheibenbergstraße 63, 1180 Wien";"Volksschule";"öffentl.";0,791666666666667;"79% - 

 - Volksschule - Scheibenbergstraße 63, 1180 Wien - 

 - öffentl."
"97";918011;48,2337683;16,3247261;"Bischof-Faber-Platz 1, 1180 Wien";"Volksschule";"öffentl.";0,777777777777778;"78% - 

 - Volksschule - Bischof-Faber-Platz 1, 1180 Wien - 

 - öffentl."
"98";918181;48,2291911;16,3281637;"Scheidlstraße 2, 1180 Wien";"Private Volksschule Marianum des Schulvereins De La Salle";"privat";0,914285714285714;"91% - 

 - Private Volksschule Marianum des Schulvereins De La Salle - Scheidlstraße 2, 1180 Wien - 

 - privat"
"99";918151;48,2243869;16,3412659;"Schopenhauerstraße 44-46, 1180 Wien";"Private Volksschule des Schulvereins De La Salle";"privat";0,80952380952381;"81% - 

 - Private Volksschule des Schulvereins De La Salle - Schopenhauerstraße 44-46, 1180 Wien - 

 - privat"
"100";918071;48,2245747;16,333592;"Antonigasse 72, 1180 Wien";"Private Volksschule der Schulstiftung der Erzdiözese Wien";"privat";0,523076923076923;"52% - 

 - Private Volksschule der Schulstiftung der Erzdiözese Wien - Antonigasse 72, 1180 Wien - 

 - privat"
"101";918121;48,2289398;16,3489065;"Semperstraße 45, 1180 Wien";"Volksschule Albertus Magnus Schule der Vereinigung von Ordensschulen Österreichs";"privat";0,879518072289157;"88% - 

 - Volksschule Albertus Magnus Schule der Vereinigung von Ordensschulen Österreichs - Semperstraße 45, 1180 Wien - 

 - privat"
"102";918111;48,2206228;16,3395793;"Schumanngasse 17, 1180 Wien";"Volksschule der Evangelischen Schulgemeinde Wien";"privat";0,728813559322034;"73% - 

 - Volksschule der Evangelischen Schulgemeinde Wien - Schumanngasse 17, 1180 Wien - 

 - privat"
"103";918161;48,2271186;16,3330573;"Lacknergasse 75, 1180 Wien";"Vienna Elementary School des Dr. Christian Schauberger";"privat";0,4;"40% - 

 - Vienna Elementary School des Dr. Christian Schauberger - Lacknergasse 75, 1180 Wien - 

 - privat"
"104";917053;48,2259634;16,309953;"Hernalser Hauptstraße 220-222, 1170 Wien";"Allgemeine Sonderschule Zentrum für inklusiv- und Sonderpädagogik";"öffentl.";0;"0% - 

 - Allgemeine Sonderschule Zentrum für inklusiv- und Sonderpädagogik - Hernalser Hauptstraße 220-222, 1170 Wien - 

 - öffentl."
"105";917021;48,2177349;16,3315636;"Kindermanngasse 1, 1170 Wien";"Volksschule";"öffentl.";0,688311688311688;"69% - 

 - Volksschule - Kindermanngasse 1, 1170 Wien - 

 - öffentl."
"106";917041;48,2189602;16,333879;"Rötzergasse 2-4, 1170 Wien";"Volksschule";"öffentl.";0,223529411764706;"22% - 

 - Volksschule - Rötzergasse 2-4, 1170 Wien - 

 - öffentl."
"107";917061;48,2195469;16,32179;"Wichtelgasse 67, 1170 Wien";"Volksschule";"öffentl.";0,297297297297297;"30% - 

 - Volksschule - Wichtelgasse 67, 1170 Wien - 

 - öffentl."
"108";917031;48,2316927;16,2920413;"Knollgasse 6, 1170 Wien";"Volksschule";"öffentl.";0,782178217821782;"78% - 

 - Volksschule - Knollgasse 6, 1170 Wien - 

 - öffentl."
"109";917011;48,2247631;16,315728;"Halirschgasse 25, 1170 Wien";"Volksschule";"öffentl.";0,413223140495868;"41% - 

 - Volksschule - Halirschgasse 25, 1170 Wien - 

 - öffentl."
"110";916091;48,2192381;16,3098063;"Odoakergasse 48, 1160 Wien";"Volksschule";"öffentl.";0,212121212121212;"21% - 

 - Volksschule - Odoakergasse 48, 1160 Wien - 

 - öffentl."
"111";916081;48,2126744;16,3077052;"Lorenz-Mandl-Gasse 58, 1160 Wien";"Volksschule";"öffentl.";0,325581395348837;"33% - 

 - Volksschule - Lorenz-Mandl-Gasse 58, 1160 Wien - 

 - öffentl."
"112";916011;48,2121035;16,3328035;"Gaullachergasse 49, 1160 Wien";"Volksschule";"öffentl.";0,181818181818182;"18% - 

 - Volksschule - Gaullachergasse 49, 1160 Wien - 

 - öffentl."
"113";916061;48,2087137;16,3080643;"Landsteinergasse 4, 1160 Wien";"Volksschule";"öffentl.";0,280487804878049;"28% - 

 - Volksschule - Landsteinergasse 4, 1160 Wien - 

 - öffentl."
"114";916101;48,2105646;16,3326442;"Grundsteingasse 56, 1160 Wien";"Volksschule";"öffentl.";0,347222222222222;"35% - 

 - Volksschule - Grundsteingasse 56, 1160 Wien - 

 - öffentl."
"115";916041;48,2196519;16,3109699;"Julius-Meinl-Gasse 1, 1160 Wien";"Volksschule";"öffentl.";0,653846153846154;"65% - 

 - Volksschule - Julius-Meinl-Gasse 1, 1160 Wien - 

 - öffentl."
"116";916051;48,2082286;16,321267;"Brüsslgasse 18, 1160 Wien";"Volksschule";"öffentl.";0,438775510204082;"44% - 

 - Volksschule - Brüsslgasse 18, 1160 Wien - 

 - öffentl."
"117";916071;48,206692;16,3298399;"Liebhartsgasse 19-21, 1160 Wien";"Volksschule";"öffentl.";0,161764705882353;"16% - 

 - Volksschule - Liebhartsgasse 19-21, 1160 Wien - 

 - öffentl."
"118";916021;48,2124233;16,3158705;"Grubergasse 4, 1160 Wien";"Volksschule";"öffentl.";0,347368421052632;"35% - 

 - Volksschule - Grubergasse 4, 1160 Wien - 

 - öffentl."
"119";916031;48,2074481;16,3213379;"Herbststraße 86, 1160 Wien";"Volksschule Vienna Bilingual School";"öffentl.";0,641221374045801;"64% - 

 - Volksschule Vienna Bilingual School - Herbststraße 86, 1160 Wien - 

 - öffentl."
"120";915031;48,1905807;16,3334716;"Friesgasse 10, 1150 Wien";"Volksschule Oskar-Spiel-Schule";"öffentl.";0,32258064516129;"32% - 

 - Volksschule Oskar-Spiel-Schule - Friesgasse 10, 1150 Wien - 

 - öffentl."
"121";915061;48,1961354;16,3232543;"Selzergasse 19, 1150 Wien";"Volksschule";"öffentl.";0,23728813559322;"24% - 

 - Volksschule - Selzergasse 19, 1150 Wien - 

 - öffentl."
"122";915011;48,1965593;16,33021;"Benedikt-Schellinger-Gasse 1-3, 1150 Wien";"Volksschule";"öffentl.";0,226190476190476;"23% - 

 - Volksschule - Benedikt-Schellinger-Gasse 1-3, 1150 Wien - 

 - öffentl."
"123";915071;48,185585;16,3316303;"Ortnergasse 4, 1150 Wien";"Volksschule";"öffentl.";0,358208955223881;"36% - 

 - Volksschule - Ortnergasse 4, 1150 Wien - 

 - öffentl."
"124";915041;48,1989212;16,3352002;"Goldschlagstraße 14-16, 1150 Wien";"Volksschule";"öffentl.";0,62962962962963;"63% - 

 - Volksschule - Goldschlagstraße 14-16, 1150 Wien - 

 - öffentl."
"125";915051;48,1971614;16,3188402;"Johnstraße 40, 1150 Wien";"Volksschule";"öffentl.";0,25;"25% - 

 - Volksschule - Johnstraße 40, 1150 Wien - 

 - öffentl."
"126";915021;48,1945831;16,3331213;"Friedrichsplatz 5, 1150 Wien";"Volksschule";"öffentl.";0,341772151898734;"34% - 

 - Volksschule - Friedrichsplatz 5, 1150 Wien - 

 - öffentl."
"127";915101;48,1889987;16,3251043;"Reichsapfelgasse 30, 1150 Wien";"Volksschule";"öffentl.";0,28735632183908;"29% - 

 - Volksschule - Reichsapfelgasse 30, 1150 Wien - 

 - öffentl."
"128";915023;48,1990841;16,3349525;"Zinckgasse 12-14, 1150 Wien";"Volks- und Neue Mittelschule für Sehbehinderte Kinder";"öffentl.";0,518072289156627;"52% - 

 - Volks- und Neue Mittelschule für Sehbehinderte Kinder - Zinckgasse 12-14, 1150 Wien - 

 - öffentl."
"129";915091;48,192481;16,3371231;"Gebrüder-Lang-Gasse 4, 1150 Wien";"Private Volksschule des Schulvereins De La Salle";"privat";0,458333333333333;"46% - 

 - Private Volksschule des Schulvereins De La Salle - Gebrüder-Lang-Gasse 4, 1150 Wien - 

 - privat"
"130";915081;48,1906277;16,3340413;"Friesgasse 4, 1150 Wien";"Private Volksschule des Vereins Schulverbund SSND Österreich/Schulschwestern Notre Dame";"privat";0,573170731707317;"57% - 

 - Private Volksschule des Vereins Schulverbund SSND Österreich/Schulschwestern Notre Dame - Friesgasse 4, 1150 Wien - 

 - privat"
"131";914031;48,2095592;16,223296;"Hadersdorf, Hauptstraße 70, 1140 Wien";"Volksschule";"öffentl.";0,533333333333333;"53% - 

 - Volksschule - Hadersdorf, Hauptstraße 70, 1140 Wien - 

 - öffentl."
"132";914011;48,1912476;16,3059067;"Diesterweggasse 30, 1140 Wien";"Volksschule";"öffentl.";0,542553191489362;"54% - 

 - Volksschule - Diesterweggasse 30, 1140 Wien - 

 - öffentl."
"133";914021;48,1961293;16,2832387;"Felbigergasse 97, 1140 Wien";"Volksschule";"öffentl.";0,382716049382716;"38% - 

 - Volksschule - Felbigergasse 97, 1140 Wien - 

 - öffentl."
"134";914081;48,2014102;16,3062841;"Zennerstraße 1, 1140 Wien";"Volksschule";"öffentl.";0,635135135135135;"64% - 

 - Volksschule - Zennerstraße 1, 1140 Wien - 

 - öffentl."
"135";914041;48,1963251;16,2769753;"Hochsatzengasse 22-24, 1140 Wien";"Volksschule";"öffentl.";0,406976744186047;"41% - 

 - Volksschule - Hochsatzengasse 22-24, 1140 Wien - 

 - öffentl."
"136";914061;48,1976258;16,3137781;"Lortzinggasse 2, 1140 Wien";"Volksschule";"öffentl.";0,414893617021277;"41% - 

 - Volksschule - Lortzinggasse 2, 1140 Wien - 

 - öffentl."
"137";914051;48,2021095;16,2557468;"Linzer Straße 419, 1140 Wien";"Volksschule";"öffentl.";0,866666666666667;"87% - 

 - Volksschule - Linzer Straße 419, 1140 Wien - 

 - öffentl."
"138";914121;48,196665;16,3030775;"Märzstraße 178-180, 1140 Wien";"Volksschule";"öffentl.";0,395348837209302;"40% - 

 - Volksschule - Märzstraße 178-180, 1140 Wien - 

 - öffentl."
"139";914111;48,2020475;16,2729244;"Karl-Toldt-Weg 12, 1140 Wien";"Volksschule";"öffentl.";0,716049382716049;"72% - 

 - Volksschule - Karl-Toldt-Weg 12, 1140 Wien - 

 - öffentl."
"140";914101;48,2016476;16,3078387;"Breitenseer Straße 31, 1140 Wien";"Volksschule Josefinum der Pfarre Breitensee";"privat";0,906542056074766;"91% - 

 - Volksschule Josefinum der Pfarre Breitensee - Breitenseer Straße 31, 1140 Wien - 

 - privat"
"141";913021;48,1895305;16,2847519;"Auhofstraße 49, 1130 Wien";"Volksschule";"öffentl.";0,82;"82% - 

 - Volksschule - Auhofstraße 49, 1130 Wien - 

 - öffentl."
"142";913041;48,166535;16,2729229;"Dr.-Schober-Straße 1, 1130 Wien";"Volksschule";"öffentl.";0,508771929824561;"51% - 

 - Volksschule - Dr.-Schober-Straße 1, 1130 Wien - 

 - öffentl."
"143";913011;48,1855785;16,3015872;"Am Platz 2, 1130 Wien";"Volksschule";"öffentl.";0,74390243902439;"74% - 

 - Volksschule - Am Platz 2, 1130 Wien - 

 - öffentl."
"144";913051;48,1696938;16,2853999;"Speisinger Straße 44, 1130 Wien";"Volksschule";"öffentl.";0,403508771929825;"40% - 

 - Volksschule - Speisinger Straße 44, 1130 Wien - 

 - öffentl."
"145";913061;48,1765839;16,2821424;"Steinlechnergasse 5-7, 1130 Wien";"Volksschule";"öffentl.";0,644444444444444;"64% - 

 - Volksschule - Steinlechnergasse 5-7, 1130 Wien - 

 - öffentl."
"146";913081;48,1881211;16,2680872;"Hietzinger Hauptstraße 166, 1130 Wien";"Volksschule";"öffentl.";0,833333333333333;"83% - 

 - Volksschule - Hietzinger Hauptstraße 166, 1130 Wien - 

 - öffentl."
"147";913071;48,1927593;16,2625094;"Schlossberggasse 17, 1130 Wien";"Volksschule des Schulvereins der Dominikanerinnen";"privat";0,956521739130435;"96% - 

 - Volksschule des Schulvereins der Dominikanerinnen - Schlossberggasse 17, 1130 Wien - 

 - privat"
"148";912051;48,1780946;16,3401775;"Karl-Löwe-Gasse 20, 1120 Wien";"Volksschule";"öffentl.";0,636363636363636;"64% - 

 - Volksschule - Karl-Löwe-Gasse 20, 1120 Wien - 

 - öffentl."
"149";912061;48,178591;16,3399462;"Deckergasse 1, 1120 Wien";"Volksschule";"öffentl.";0,277777777777778;"28% - 

 - Volksschule - Deckergasse 1, 1120 Wien - 

 - öffentl."
"150";912021;48,185232;16,338347;"Haebergasse 1a, 1120 Wien";"Volksschule";"öffentl.";0,379310344827586;"38% - 

 - Volksschule - Haebergasse 1a, 1120 Wien - 

 - öffentl."
"151";912101;48,1595321;16,3295915;"am Schöpfwerk 27, 1120 Wien";"Volksschule";"öffentl.";0,348214285714286;"35% - 

 - Volksschule - am Schöpfwerk 27, 1120 Wien - 

 - öffentl."
"152";912041;48,1710767;16,3265522;"Johann-Hoffmann-Platz 20, 1120 Wien";"Volksschule";"öffentl.";0,282051282051282;"28% - 

 - Volksschule - Johann-Hoffmann-Platz 20, 1120 Wien - 

 - öffentl."
"153";912091;48,1778387;16,3263091;"Ruckergasse 42, 1120 Wien";"Volksschule";"öffentl.";0,222222222222222;"22% - 

 - Volksschule - Ruckergasse 42, 1120 Wien - 

 - öffentl."
"154";912011;48,1823713;16,321694;"Bischoffgasse 10, 1120 Wien";"Volksschule";"öffentl.";0,571428571428571;"57% - 

 - Volksschule - Bischoffgasse 10, 1120 Wien - 

 - öffentl."
"155";912081;48,1623953;16,3206391;"Rothenburgstraße 1, 1120 Wien";"Volksschule";"öffentl.";0,487603305785124;"49% - 

 - Volksschule - Rothenburgstraße 1, 1120 Wien - 

 - öffentl."
"156";912121;48,1652171;16,3053241;"Rohrwassergasse 2, 1120 Wien";"Volksschule";"öffentl.";0,550387596899225;"55% - 

 - Volksschule - Rohrwassergasse 2, 1120 Wien - 

 - öffentl."
"157";911091;48,1584657;16,4744747;"Münnichplatz 6, 1110 Wien";"Volksschule";"öffentl.";0,297872340425532;"30% - 

 - Volksschule - Münnichplatz 6, 1110 Wien - 

 - öffentl."
"158";911131;48,1553163;16,4707081;"Hoefftgasse 7, 1110 Wien";"Volksschule";"öffentl.";0,296296296296296;"30% - 

 - Volksschule - Hoefftgasse 7, 1110 Wien - 

 - öffentl."
"159";911101;48,1798554;16,4205387;"Simoningplatz 2, 1110 Wien";"Volksschule";"öffentl.";0,2;"20% - 

 - Volksschule - Simoningplatz 2, 1110 Wien - 

 - öffentl."
"160";911141;48,1540243;16,4542568;"Pantucekgasse 13, 1110 Wien";"Volksschule";"öffentl.";0,226190476190476;"23% - 

 - Volksschule - Pantucekgasse 13, 1110 Wien - 

 - öffentl."
"161";911031;48,1754456;16,4056297;"Brehmstraße 9, 1110 Wien";"Volksschule";"öffentl.";0,285714285714286;"29% - 

 - Volksschule - Brehmstraße 9, 1110 Wien - 

 - öffentl."
"162";911071;48,1580404;16,4563439;"Rzehakgasse 9, 1110 Wien";"Volksschule";"öffentl.";0,274509803921569;"27% - 

 - Volksschule - Rzehakgasse 9, 1110 Wien - 

 - öffentl."
"163";911061;48,182815;16,4098042;"Molitorgasse 11, 1110 Wien";"Volksschule";"öffentl.";0,166666666666667;"17% - 

 - Volksschule - Molitorgasse 11, 1110 Wien - 

 - öffentl."
"164";911041;48,1726085;16,4108135;"Herderplatz 1, 1110 Wien";"Volksschule";"öffentl.";0,385542168674699;"39% - 

 - Volksschule - Herderplatz 1, 1110 Wien - 

 - öffentl."
"165";911171;48,1546357;16,4609302;"Svetelskystraße 4-6, 1110 Wien";"Volksschule";"öffentl.";0,465116279069767;"47% - 

 - Volksschule - Svetelskystraße 4-6, 1110 Wien - 

 - öffentl."
"166";911051;48,1658222;16,4316453;"Florian-Hedorfer-Straße 20, 1110 Wien";"Volksschule";"öffentl.";0,26530612244898;"27% - 

 - Volksschule - Florian-Hedorfer-Straße 20, 1110 Wien - 

 - öffentl."
"167";911181;48,1552387;16,4617333;"Svetelskystraße 5, 1110 Wien";"Volksschule";"öffentl.";0,494845360824742;"49% - 

 - Volksschule - Svetelskystraße 5, 1110 Wien - 

 - öffentl."
"168";911011;48,1712755;16,417979;"Braunhubergasse 3, 1110 Wien";"Volksschule";"öffentl.";0,30952380952381;"31% - 

 - Volksschule - Braunhubergasse 3, 1110 Wien - 

 - öffentl."
"169";911161;48,1807322;16,415702;"Fuchsröhrenstraße 25, 1110 Wien";"Volksschule";"öffentl.";0,392156862745098;"39% - 

 - Volksschule - Fuchsröhrenstraße 25, 1110 Wien - 

 - öffentl."
"170";911111;48,1612015;16,4254288;"Wilhelm-Kress-Platz 32, 1110 Wien";"Volksschule";"öffentl.";0,466666666666667;"47% - 

 - Volksschule - Wilhelm-Kress-Platz 32, 1110 Wien - 

 - öffentl."
"171";911191;48,1672909;16,4310139;"Florian-Hedorfer Straße 21, 1110 Wien";"Privatschule Volksschule des Vereins SOLMIT - Solidarisch miteinander";"privat";NA;"NA - 

 - Privatschule Volksschule des Vereins SOLMIT - Solidarisch miteinander - Florian-Hedorfer Straße 21, 1110 Wien - 

 - privat"
"172";910221;48,1650047;16,3732789;"Grenzackerstraße 18, 1100 Wien";"Praxisvolksschule der Pädagogischen Hochschule in Wien (910660)";"öffentl.";0,477272727272727;"48% - 

 - Praxisvolksschule der Pädagogischen Hochschule in Wien (910660) - Grenzackerstraße 18, 1100 Wien - 

 - öffentl."
"173";910181;48,1507021;16,3754056;"Selma-Lagerlöf-Gasse 20, 1100 Wien";"Volksschule";"öffentl.";0,58695652173913;"59% - 

 - Volksschule - Selma-Lagerlöf-Gasse 20, 1100 Wien - 

 - öffentl."
"174";910141;48,1550134;16,3958142;"Laaer-Berg-Straße 170, 1100 Wien";"Volksschule";"öffentl.";0,462962962962963;"46% - 

 - Volksschule - Laaer-Berg-Straße 170, 1100 Wien - 

 - öffentl."
"175";910161;48,137595;16,4046151;"Oberlaaer Platz 1, 1100 Wien";"Volksschule";"öffentl.";0,5625;"56% - 

 - Volksschule - Oberlaaer Platz 1, 1100 Wien - 

 - öffentl."
"176";910121;48,1689846;16,3821598;"Klausenburgerstraße 25, 1100 Wien";"Volksschule";"öffentl.";0,25;"25% - 

 - Volksschule - Klausenburgerstraße 25, 1100 Wien - 

 - öffentl."
"177";910021;48,1705295;16,3667863;"Alxingergasse 82, 1100 Wien";"Volksschule";"öffentl.";0,290909090909091;"29% - 

 - Volksschule - Alxingergasse 82, 1100 Wien - 

 - öffentl."
"178";910291;48,1556031;16,3500497;"Tesarekplatz 4, 1100 Wien";"Volksschule";"öffentl.";0,306451612903226;"31% - 

 - Volksschule - Tesarekplatz 4, 1100 Wien - 

 - öffentl."
"179";910341;48,1649415;16,3840225;"Maria-Rekker-Gasse 3, 1100 Wien";"Volksschule";"öffentl.";0,321428571428571;"32% - 

 - Volksschule - Maria-Rekker-Gasse 3, 1100 Wien - 

 - öffentl."
"180";910111;48,1788904;16,3748136;"Keplerplatz 7, 1100 Wien";"Volksschule";"öffentl.";0,432098765432099;"43% - 

 - Volksschule - Keplerplatz 7, 1100 Wien - 

 - öffentl."
"181";910251;48,1473909;16,3943766;"Wendstattgasse 3, 1100 Wien";"Volksschule";"öffentl.";0,191176470588235;"19% - 

 - Volksschule - Wendstattgasse 3, 1100 Wien - 

 - öffentl."
"182";910011;48,148922;16,3838096;"Ada-Christen-Gasse 9, 1100 Wien";"Volksschule";"öffentl.";0,191489361702128;"19% - 

 - Volksschule - Ada-Christen-Gasse 9, 1100 Wien - 

 - öffentl."
"183";910071;48,1666612;16,3785459;"Hebbelplatz 1, 1100 Wien";"Volksschule";"öffentl.";0,226190476190476;"23% - 

 - Volksschule - Hebbelplatz 1, 1100 Wien - 

 - öffentl."
"184";910061;48,1673455;16,3615114;"Georg-Wilhelm-Pabst-Gasse 2, 1100 Wien";"Volksschule";"öffentl.";0,211764705882353;"21% - 

 - Volksschule - Georg-Wilhelm-Pabst-Gasse 2, 1100 Wien - 

 - öffentl."
"185";910051;48,1576763;16,3639815;"Carl-Prohaska Platz 1, 1100 Wien";"Volksschule";"öffentl.";0,513157894736842;"51% - 

 - Volksschule - Carl-Prohaska Platz 1, 1100 Wien - 

 - öffentl."
"186";910351;48,1679608;16,34261;"Hertha Firnberg-Straße 12, 1100 Wien";"Volksschule";"öffentl.";0,474358974358974;"47% - 

 - Volksschule - Hertha Firnberg-Straße 12, 1100 Wien - 

 - öffentl."
"187";910091;48,1761649;16,3719833;"Jagdgasse 22, 1100 Wien";"Volksschule";"öffentl.";0,125;"12% - 

 - Volksschule - Jagdgasse 22, 1100 Wien - 

 - öffentl."
"188";910081;48,1706689;16,3661738;"Herzgasse 87, 1100 Wien";"Volksschule";"öffentl.";0,160493827160494;"16% - 

 - Volksschule - Herzgasse 87, 1100 Wien - 

 - öffentl."
"189";910101;48,1761399;16,3722844;"Jagdgasse 23, 1100 Wien";"Volksschule";"öffentl.";0,386666666666667;"39% - 

 - Volksschule - Jagdgasse 23, 1100 Wien - 

 - öffentl."
"190";910171;48,1753952;16,3793531;"Quellenstraße 54, 1100 Wien";"Volksschule";"öffentl.";0,271844660194175;"27% - 

 - Volksschule - Quellenstraße 54, 1100 Wien - 

 - öffentl."
"191";910371;48,166193;16,3903094;"Rudolf Friemel-Gasse 3, 1100 Wien";"Volksschule";"öffentl.";0,543689320388349;"54% - 

 - Volksschule - Rudolf Friemel-Gasse 3, 1100 Wien - 

 - öffentl."
"192";910271;48,162929;16,3630314;"Neilreichgasse 111, 1100 Wien";"Volksschule";"öffentl.";0,310679611650485;"31% - 

 - Volksschule - Neilreichgasse 111, 1100 Wien - 

 - öffentl."
"193";910401;48,1787248;16,3828916;"Hlawkagasse 2, 1100 Wien";"Volksschule Campus Hauptbahnhof";"öffentl.";0,487179487179487;"49% - 

 - Volksschule Campus Hauptbahnhof - Hlawkagasse 2, 1100 Wien - 

 - öffentl."
"194";910131;48,1710385;16,3522054;"Knöllgasse 59, 1100 Wien";"Volksschule";"öffentl.";0,235294117647059;"24% - 

 - Volksschule - Knöllgasse 59, 1100 Wien - 

 - öffentl."
"195";910031;48,1765648;16,3623672;"Quellenstraße 142, 1100 Wien";"Volksschule";"öffentl.";0,21259842519685;"21% - 

 - Volksschule - Quellenstraße 142, 1100 Wien - 

 - öffentl."
"196";910151;48,1713322;16,3865277;"Laimäckergasse 17, 1100 Wien";"Volksschule";"öffentl.";0,204545454545455;"20% - 

 - Volksschule - Laimäckergasse 17, 1100 Wien - 

 - öffentl."
"197";910231;48,1805638;16,3682667;"Alxingergasse 8, 1101 Wien";"Private Volksschule des Institutes Neulandschulen";"privat";0,622641509433962;"62% - 

 - Private Volksschule des Institutes Neulandschulen - Alxingergasse 8, 1101 Wien - 

 - privat"
"198";910261;48,1749673;16,3818209;"Quellenstraße 87, 1100 Wien";"Private Volksschule Waldkloster der Schulstiftung der Erzdiözese Wien";"privat";0,660377358490566;"66% - 

 - Private Volksschule Waldkloster der Schulstiftung der Erzdiözese Wien - Quellenstraße 87, 1100 Wien - 

 - privat"
"199";910241;48,15905;16,3883311;"Ludwig-von-Höhnel-Gasse 17-19, 1100 Wien";"Volksschule des Institutes Neulandschulen";"privat";0,732758620689655;"73% - 

 - Volksschule des Institutes Neulandschulen - Ludwig-von-Höhnel-Gasse 17-19, 1100 Wien - 

 - privat"
"200";910391;48,1747939;16,3946643;"Gudrunstraße 11, 1100 Wien";"Private Volksschule des Vereins PHÖNIX - Verein für Kultur, Bildung und Sport";"privat";0,6;"60% - 

 - Private Volksschule des Vereins PHÖNIX - Verein für Kultur, Bildung und Sport - Gudrunstraße 11, 1100 Wien - 

 - privat"
"201";909051;48,2211325;16,3547415;"Währinger Straße 43, 1090 Wien";"Volksschule";"öffentl.";0,764705882352941;"76% - 

 - Volksschule - Währinger Straße 43, 1090 Wien - 

 - öffentl."
"202";909011;48,2258971;16,354043;"Galileigasse 5, 1090 Wien";"Volksschule";"öffentl.";0,695652173913043;"70% - 

 - Volksschule - Galileigasse 5, 1090 Wien - 

 - öffentl."
"203";909021;48,2169598;16,3462597;"Gilgegasse 12, 1090 Wien";"Volksschule";"öffentl.";0,662337662337662;"66% - 

 - Volksschule - Gilgegasse 12, 1090 Wien - 

 - öffentl."
"204";909041;48,2275974;16,3573812;"Marktgasse 31-35, 1090 Wien";"Volksschule";"öffentl.";0,517857142857143;"52% - 

 - Volksschule - Marktgasse 31-35, 1090 Wien - 

 - öffentl."
"205";909031;48,2212459;16,3621159;"Grünentorgasse 9, 1090 Wien";"Volksschule";"öffentl.";0,703703703703704;"70% - 

 - Volksschule - Grünentorgasse 9, 1090 Wien - 

 - öffentl."
"206";908011;48,2102456;16,35204;"Lange Gasse 36, 1080 Wien";"Volksschule";"öffentl.";0,492063492063492;"49% - 

 - Volksschule - Lange Gasse 36, 1080 Wien - 

 - öffentl."
"207";908031;48,2079047;16,3499886;"Zeltgasse 7, 1080 Wien";"Volksschule";"öffentl.";0,962962962962963;"96% - 

 - Volksschule - Zeltgasse 7, 1080 Wien - 

 - öffentl."
"208";908021;48,2095209;16,3409615;"Pfeilgasse 42b, 1080 Wien";"Volksschule";"öffentl.";0,575342465753425;"58% - 

 - Volksschule - Pfeilgasse 42b, 1080 Wien - 

 - öffentl."
"209";908041;48,2102314;16,3502362;"Piaristengasse 43, 1080 Wien";"Volksschule der P.P. Piaristen";"privat";0,908045977011494;"91% - 

 - Volksschule der P.P. Piaristen - Piaristengasse 43, 1080 Wien - 

 - privat"
"210";907011;48,2060087;16,3416643;"Neustiftgasse 98-102, 1070 Wien";"Volksschule";"öffentl.";0,258064516129032;"26% - 

 - Volksschule - Neustiftgasse 98-102, 1070 Wien - 

 - öffentl."
"211";907021;48,203854;16,3538854;"Stiftgasse 35, 1070 Wien";"Volksschule";"öffentl.";0,714285714285714;"71% - 

 - Volksschule - Stiftgasse 35, 1070 Wien - 

 - öffentl."
"212";907031;48,1998442;16,3446163;"Zieglergasse 21, 1070 Wien";"Volksschule";"öffentl.";0,550561797752809;"55% - 

 - Volksschule - Zieglergasse 21, 1070 Wien - 

 - öffentl."
"213";907041;48,2040706;16,3522254;"Burggasse 37, 1070 Wien";"Private Volksschule Notre Dame de Sion der Schulstiftung der Erzdiözese Wien";"privat";0,974358974358974;"97% - 

 - Private Volksschule Notre Dame de Sion der Schulstiftung der Erzdiözese Wien - Burggasse 37, 1070 Wien - 

 - privat"
"214";907051;48,1995075;16,3408049;"Kenyongasse 4-8, 1070 Wien";"Volksschule Mater Salvatoris der Töchter des Göttlichen Heilandes";"privat";0,683673469387755;"68% - 

 - Volksschule Mater Salvatoris der Töchter des Göttlichen Heilandes - Kenyongasse 4-8, 1070 Wien - 

 - privat"
"215";906021;48,1958109;16,3525503;"Corneliusgasse 6, 1060 Wien";"Volksschule";"öffentl.";0,65;"65% - 

 - Volksschule - Corneliusgasse 6, 1060 Wien - 

 - öffentl."
"216";906041;48,1913746;16,3433088;"Sonnenuhrgasse 3, 1060 Wien";"Volksschule";"öffentl.";0,517241379310345;"52% - 

 - Volksschule - Sonnenuhrgasse 3, 1060 Wien - 

 - öffentl."
"217";906061;48,1923509;16,3448615;"Liniengasse 21, 1060 Wien";"Private Volksschule St. Marein des Vereins Vereinigung von Ordensschulen Österreichs";"privat";0,710843373493976;"71% - 

 - Private Volksschule St. Marein des Vereins Vereinigung von Ordensschulen Österreichs - Liniengasse 21, 1060 Wien - 

 - privat"
"218";906051;48,1905716;16,344097;"Lutherplatz 1, 1060 Wien";"Private Evangelische Volksschule";"privat";0,704918032786885;"70% - 

 - Private Evangelische Volksschule - Lutherplatz 1, 1060 Wien - 

 - privat"
"219";905061;48,1869395;16,3469224;"Am Hundsturm 18, 1050 Wien";"Volksschule";"öffentl.";0,379310344827586;"38% - 

 - Volksschule - Am Hundsturm 18, 1050 Wien - 

 - öffentl."
"220";905041;48,1841105;16,3565285;"Stolberggasse 53, 1050 Wien";"Volksschule";"öffentl.";0,410714285714286;"41% - 

 - Volksschule - Stolberggasse 53, 1050 Wien - 

 - öffentl."
"221";905011;48,1826744;16,3512889;"Einsiedlergasse 7, 1050 Wien";"Volksschule";"öffentl.";0,326923076923077;"33% - 

 - Volksschule - Einsiedlergasse 7, 1050 Wien - 

 - öffentl."
"222";905021;48,1826099;16,3610526;"Gassergasse 46, 1050 Wien";"Volksschule";"öffentl.";0,191780821917808;"19% - 

 - Volksschule - Gassergasse 46, 1050 Wien - 

 - öffentl."
"223";905031;48,1885759;16,3548919;"Pannaschgasse 6, 1050 Wien";"Volksschule";"öffentl.";0,477272727272727;"48% - 

 - Volksschule - Pannaschgasse 6, 1050 Wien - 

 - öffentl."
"224";904011;48,1903653;16,3749181;"Sankt-Elisabeth-Platz 8, 1040 Wien";"Volksschule St. Elisabeth-Platz";"öffentl.";0,727272727272727;"73% - 

 - Volksschule St. Elisabeth-Platz - Sankt-Elisabeth-Platz 8, 1040 Wien - 

 - öffentl."
"225";904031;48,1910269;16,3685355;"Waltergasse 16, 1040 Wien";"Volksschule";"öffentl.";0,549450549450549;"55% - 

 - Volksschule - Waltergasse 16, 1040 Wien - 

 - öffentl."
"226";904021;48,1896394;16,3641267;"Phorusgasse 4, 1040 Wien";"Volksschule";"öffentl.";0,659090909090909;"66% - 

 - Volksschule - Phorusgasse 4, 1040 Wien - 

 - öffentl."
"227";904071;48,188699;16,3645812;"Wiedner Hauptstraße 82, 1040 Wien";"Volksschule der P.P. Piaristen";"privat";0,96078431372549;"96% - 

 - Volksschule der P.P. Piaristen - Wiedner Hauptstraße 82, 1040 Wien - 

 - privat"
"228";904051;48,1993381;16,3686361;"Karlsplatz 14, 1040 Wien";"Evangelische Volksschule am Karlsplatz der Evangelischen Schulgemeinde Wien";"privat";0,879518072289157;"88% - 

 - Evangelische Volksschule am Karlsplatz der Evangelischen Schulgemeinde Wien - Karlsplatz 14, 1040 Wien - 

 - privat"
"229";904081;48,1929538;16,3714108;"Favoritenstraße 15, 1040 Wien";"Volksschule im Theresianum - V.i.T. - der Stiftung Theresianische Akademie Wien";"privat";0,898305084745763;"90% - 

 - Volksschule im Theresianum - V.i.T. - der Stiftung Theresianische Akademie Wien - Favoritenstraße 15, 1040 Wien - 

 - privat"
"230";903021;48,1990088;16,3992246;"Erdbergstraße 76, 1030 Wien";"Volksschule";"öffentl.";0,444444444444444;"44% - 

 - Volksschule - Erdbergstraße 76, 1030 Wien - 

 - öffentl."
"231";903011;48,1983159;16,405267;"Dietrichgasse 36, 1030 Wien";"Volksschule";"öffentl.";0,253333333333333;"25% - 

 - Volksschule - Dietrichgasse 36, 1030 Wien - 

 - öffentl."
"232";903081;48,1938325;16,3997936;"Petrusgasse 10, 1030 Wien";"Volksschule";"öffentl.";0,367816091954023;"37% - 

 - Volksschule - Petrusgasse 10, 1030 Wien - 

 - öffentl."
"233";903031;48,1938769;16,3929552;"Eslarngasse 23, 1030 Wien";"Volksschule";"öffentl.";0,731707317073171;"73% - 

 - Volksschule - Eslarngasse 23, 1030 Wien - 

 - öffentl."
"234";903041;48,1913026;16,3894735;"Kleistgasse 12, 1030 Wien";"Volksschule";"öffentl.";0,458333333333333;"46% - 

 - Volksschule - Kleistgasse 12, 1030 Wien - 

 - öffentl."
"235";903061;48,2100138;16,390004;"Kolonitzgasse 15, 1030 Wien";"Volksschule";"öffentl.";0,631578947368421;"63% - 

 - Volksschule - Kolonitzgasse 15, 1030 Wien - 

 - öffentl."
"236";903091;48,1980715;16,38401;"Reisnerstraße 43, 1030 Wien";"Volksschule";"öffentl.";0,696629213483146;"70% - 

 - Volksschule - Reisnerstraße 43, 1030 Wien - 

 - öffentl."
"237";903141;48,1919646;16,3988674;"Landstraßer Hauptstraße 146, 1030 Wien";"Volksschule";"öffentl.";0,652173913043478;"65% - 

 - Volksschule - Landstraßer Hauptstraße 146, 1030 Wien - 

 - öffentl."
"238";903111;48,1999294;16,3977262;"Apostelgasse 5, 1030 Wien";"Volksschule St. Franziskus des Schulvereines der Schulschwestern vom III. Orden des hl. Franziskus";"privat";0,843137254901961;"84% - 

 - Volksschule St. Franziskus des Schulvereines der Schulschwestern vom III. Orden des hl. Franziskus - Apostelgasse 5, 1030 Wien - 

 - privat"
"239";903131;48,1998465;16,3892438;"Sebastianplatz 3, 1030 Wien";"Volksschule des Schulvereines Komensky";"privat";0,16;"16% - 

 - Volksschule des Schulvereines Komensky - Sebastianplatz 3, 1030 Wien - 

 - privat"
"240";902021;48,2149026;16,3876769;"Czerninplatz 3, 1020 Wien";"Volksschule";"öffentl.";0,316455696202532;"32% - 

 - Volksschule - Czerninplatz 3, 1020 Wien - 

 - öffentl."
"241";902031;48,2221631;16,3848147;"Darwingasse 14, 1020 Wien";"Volksschule";"öffentl.";0,264150943396226;"26% - 

 - Volksschule - Darwingasse 14, 1020 Wien - 

 - öffentl."
"242";902241;48,2231059;16,4063758;"Wehlistraße 178, 1020 Wien";"Volksschule 2, Wehlistraße";"öffentl.";0,481481481481481;"48% - 

 - Volksschule 2, Wehlistraße - Wehlistraße 178, 1020 Wien - 

 - öffentl."
"243";902111;48,2058557;16,3998515;"Wittelsbachstraße 6, 1020 Wien";"Volksschule";"öffentl.";0,714285714285714;"71% - 

 - Volksschule - Wittelsbachstraße 6, 1020 Wien - 

 - öffentl."
"244";902091;48,22407;16,3847968;"Vereinsgasse 29, 1020 Wien";"Volksschule";"öffentl.";0,637931034482759;"64% - 

 - Volksschule - Vereinsgasse 29, 1020 Wien - 

 - öffentl."
"245";902081;48,2205238;16,4049726;"Schönngasse 2, 1020 Wien";"Volksschule";"öffentl.";0,258064516129032;"26% - 

 - Volksschule - Schönngasse 2, 1020 Wien - 

 - öffentl."
"246";902051;48,2155407;16,3773783;"Kleine Sperlgasse 2a, 1020 Wien";"Volksschule";"öffentl.";0,305882352941176;"31% - 

 - Volksschule - Kleine Sperlgasse 2a, 1020 Wien - 

 - öffentl."
"247";902101;48,223532;16,402895;"Vorgartenstraße 191, 1020 Wien";"Volksschule";"öffentl.";0,375;"38% - 

 - Volksschule - Vorgartenstraße 191, 1020 Wien - 

 - öffentl."
"248";902011;48,1964153;16,4433338;"Aspernallee 5, 1020 Wien";"Volksschule";"öffentl.";0,703703703703704;"70% - 

 - Volksschule - Aspernallee 5, 1020 Wien - 

 - öffentl."
"249";902121;48,2202157;16,3989817;"Wolfgang-Schmälzl-Gasse 13, 1020 Wien";"Volksschule";"öffentl.";0,609195402298851;"61% - 

 - Volksschule - Wolfgang-Schmälzl-Gasse 13, 1020 Wien - 

 - öffentl."
"250";902141;48,2122119;16,4175064;"Vorgartenstraße 208, 1020 Wien";"Volksschule 2";"öffentl.";0,328947368421053;"33% - 

 - Volksschule 2 - Vorgartenstraße 208, 1020 Wien - 

 - öffentl."
"251";902071;48,2186668;16,3853998;"Novaragasse 30, 1020 Wien";"Volksschule";"öffentl.";0,658227848101266;"66% - 

 - Volksschule - Novaragasse 30, 1020 Wien - 

 - öffentl."
"252";902151;48,2252698;16,3957616;"Ernst-Melchior-Gasse 9, 1020 Wien";"Volksschule";"öffentl.";0,589473684210526;"59% - 

 - Volksschule - Ernst-Melchior-Gasse 9, 1020 Wien - 

 - öffentl."
"253";902261;48,2223248;16,3976007;"Lasallestraße 7a/Unit 4/Top 2, 1020 Wien";"Privatschule Volksschule des Vereins Verein zum Betrieb von katholischen Privatschulen - Stella International School";"privat";NA;"NA - 

 - Privatschule Volksschule des Vereins Verein zum Betrieb von katholischen Privatschulen - Stella International School - Lasallestraße 7a/Unit 4/Top 2, 1020 Wien - 

 - privat"
"254";902131;48,2214883;16,3745793;"Leopoldsgasse 1a, 1020 Wien";"Volksschule Sankt Elisabeth des Schulvereines der Schulschwestern vom III.Orden des hl. Franziskus";"privat";0,724137931034483;"72% - 

 - Volksschule Sankt Elisabeth des Schulvereines der Schulschwestern vom III.Orden des hl. Franziskus - Leopoldsgasse 1a, 1020 Wien - 

 - privat"
"255";902211;48,2162251;16,3856788;"Nepomukgasse 2, 1020 Wien";"Evangelische Volksschule Wien-Leopoldstadt des Verbandes der schulerhaltenden Wiener evangelischen Pfarrgemeinden A.B. (Schulgemeinde)";"privat";0,75;"75% - 

 - Evangelische Volksschule Wien-Leopoldstadt des Verbandes der schulerhaltenden Wiener evangelischen Pfarrgemeinden A.B. (Schulgemeinde) - Nepomukgasse 2, 1020 Wien - 

 - privat"
"256";902231;48,2198814;16,3841238;"Große Stadtgutgasse 24, 1020 Wien";"Private Volksschule für Mädchen des Israelitischen Tempel- und Schulvereins Machsike-Hadass";"privat";0;"0% - 

 - Private Volksschule für Mädchen des Israelitischen Tempel- und Schulvereins Machsike-Hadass - Große Stadtgutgasse 24, 1020 Wien - 

 - privat"
"257";902201;48,228443;16,379427;"Rabbiner-Schneerson-Platz 1, 1020 Wien";"Private Volksschule Lauder Chabad";"privat";0;"0% - 

 - Private Volksschule Lauder Chabad - Rabbiner-Schneerson-Platz 1, 1020 Wien - 

 - privat"
"258";902181;48,2064411;16,4292541;"Simon Wiesenthal-Gasse 3, 1020 Wien";"Volksschule Zwi Perez Chajes des Vereins zur Erhaltung der Zwi Perez Chajes Schule der Israelitischen Kultusgemeinde Wien";"privat";0,1;"10% - 

 - Volksschule Zwi Perez Chajes des Vereins zur Erhaltung der Zwi Perez Chajes Schule der Israelitischen Kultusgemeinde Wien - Simon Wiesenthal-Gasse 3, 1020 Wien - 

 - privat"
"259";902161;48,2204789;16,3768629;"Malzgasse 16, 1020 Wien";"Private Volksschule des Vereins Machsike Hadass";"privat";0;"0% - 

 - Private Volksschule des Vereins Machsike Hadass - Malzgasse 16, 1020 Wien - 

 - privat"
"260";902171;48,2210933;16,37848;"Obere Augartenstraße 1c,Augartenpalais, 1020 Wien";"Private Volksschule des Vereines Wiener Sängerknaben Augartenpalais";"privat";0,958333333333333;"96% - 

 - Private Volksschule des Vereines Wiener Sängerknaben Augartenpalais - Obere Augartenstraße 1c,Augartenpalais, 1020 Wien - 

 - privat"
"261";901011;48,2135351;16,3686268;"Börsegasse 5, 1010 Wien";"Volksschule";"öffentl.";0,724137931034483;"72% - 

 - Volksschule - Börsegasse 5, 1010 Wien - 

 - öffentl."
"262";901021;48,2071269;16,3787884;"Stubenbastei 3, 1010 Wien";"Volksschule";"öffentl.";0,735632183908046;"74% - 

 - Volksschule - Stubenbastei 3, 1010 Wien - 

 - öffentl."
"263";901031;48,2115609;16,3692501;"Judenplatz 6, 1010 Wien";"Private Volksschule der Schulstiftung der Erzdiözese Wien";"privat";0,884057971014493;"88% - 

 - Private Volksschule der Schulstiftung der Erzdiözese Wien - Judenplatz 6, 1010 Wien - 

 - privat"
