type;id;properties_skz;properties_gmnr;properties_gemname;properties_bezeichnung;properties_str;properties_plz;properties_ort;properties_erhalter;properties_erhalter2;properties_karto_typ;properties_klassen;properties_schueler_insg;properties_schueler_m;properties_schueler_w;school_adress;lat;long
Feature;ATLAS_SCHULE.fid--a89b1a8_17086690ec6_-6d04;923081;92301;Wien-Liesing;Volksschule;Korbgasse 1;1230;Wien;öffentl.;13;VS; 9;200;112; 88;Korbgasse 1, 1230 Wien;48,1365780;16,2750211
Feature;ATLAS_SCHULE.fid--a89b1a8_17086690ec6_-6d03;923101;92301;Wien-Liesing;Volksschule;Fürst Liechtenstein-Straße 17;1230;Wien;öffentl.;13;VS;10;226;124;102;Fürst Liechtenstein-Straße 17, 1230 Wien;48,1360686;16,2597188
Feature;ATLAS_SCHULE.fid--a89b1a8_17086690ec6_-6d02;923011;92301;Wien-Liesing;Volksschule;Kirchenplatz 2-3;1230;Wien;öffentl.;13;VS;10;220;116;104;Kirchenplatz 2-3, 1230 Wien;48,1476943;16,2946485
Feature;ATLAS_SCHULE.fid--a89b1a8_17086690ec6_-6d01;923161;92301;Wien-Liesing;Volksschule;Akaziengasse 52-54;1230;Wien;öffentl.;13;VS;11;234;111;123;Akaziengasse 52-54, 1230 Wien;48,1289213;16,3146712
Feature;ATLAS_SCHULE.fid--a89b1a8_17086690ec6_-6d00;923201;92301;Wien-Liesing;Volksschule;Alma-Seidler-Weg 2;1230;Wien;öffentl.;13;VS;12;260;142;118;Alma-Seidler-Weg 2, 1230 Wien;48,1481636;16,3120419
Feature;ATLAS_SCHULE.fid--a89b1a8_17086690ec6_-6cff;923181;92301;Wien-Liesing;Volksschule II;Anton Baumgartner-Straße 44/II;1230;Wien;öffentl.;13;VS;12;293;155;138;Anton Baumgartner-Straße 44/II, 1230 Wien;48,1514770;16,3144640
Feature;ATLAS_SCHULE.fid--a89b1a8_17086690ec6_-6cfe;923061;92301;Wien-Liesing;Volksschule;Erlaaer Straße 74;1230;Wien;öffentl.;13;VS;14;337;174;163;Erlaaer Straße 74, 1230 Wien;48,1424935;16,3122243
Feature;ATLAS_SCHULE.fid--a89b1a8_17086690ec6_-6cfd;923041;92301;Wien-Liesing;Volksschule I;Anton Baumgartner-Straße 44/I;1230;Wien;öffentl.;13;VS;15;349;177;172;Anton Baumgartner-Straße 44/I, 1230 Wien;48,1502442;16,3107987
Feature;ATLAS_SCHULE.fid--a89b1a8_17086690ec6_-6cfc;923031;92301;Wien-Liesing;Volksschule II;Prückelmayrgasse 6;1230;Wien;öffentl.;13;VS;17;394;216;178;Prückelmayrgasse 6, 1230 Wien;48,1446982;16,2840634
Feature;ATLAS_SCHULE.fid--a89b1a8_17086690ec6_-6cfb;923071;92301;Wien-Liesing;Volksschule;Draschestraße 96;1230;Wien;öffentl.;13;VS;18;380;199;181;Draschestraße 96, 1230 Wien;48,1498060;16,3476315
Feature;ATLAS_SCHULE.fid--a89b1a8_17086690ec6_-6cfa;923051;92301;Wien-Liesing;Volksschule;Anton Baumgartner-Straße 119;1230;Wien;öffentl.;13;VS;20;433;227;206;Anton Baumgartner-Straße 119, 1230 Wien;48,1504058;16,3186675
Feature;ATLAS_SCHULE.fid--a89b1a8_17086690ec6_-6cf9;923151;92301;Wien-Liesing;Volksschule;Bendagasse 1-2;1230;Wien;öffentl.;13;VS;23;547;270;277;Bendagasse 1-2, 1230 Wien;48,1522597;16,2675469
Feature;ATLAS_SCHULE.fid--a89b1a8_17086690ec6_-6cf8;923241;92301;Wien-Liesing;Priv. Volksschule Tankstelle- d.Schule d.Vereins Verein z.Betrieb d.kath.Privatsch. m.ökum.Schwerp.Tankst.d.Schule;Endresstraße 59 C;1230;Wien;privat;21;VS; 2; 38; 19; 19;Endresstraße 59 C, 1230 Wien;48,1478691;16,2805479
Feature;ATLAS_SCHULE.fid--a89b1a8_17086690ec6_-6cf7;923191;92301;Wien-Liesing;Volksschule Kollegium Kalksburg der Vereinigung von Ordensschulen Österreichs;Promenadeweg 3;1230;Wien;privat;21;VS; 8;185; 99; 86;Promenadeweg 3, 1230 Wien;48,1344841;16,2457424
Feature;ATLAS_SCHULE.fid--a89b1a8_17086690ec6_-6cf6;923121;92301;Wien-Liesing;Private Volksschule des Schulvereines Institut Sancta Christiana;Willergasse 55;1230;Wien;privat;21;VS; 8;190; 85;105;Willergasse 55, 1230 Wien;48,1316310;16,2551461
Feature;ATLAS_SCHULE.fid--a89b1a8_17086690ec6_-6cf5;923131;92301;Wien-Liesing;Volksschule St. Ursula Wien;Franz Asenbauer-Gasse 49;1230;Wien;privat;21;VS; 9;225;102;123;Franz Asenbauer-Gasse 49, 1230 Wien;48,1564090;16,2644965
Feature;ATLAS_SCHULE.fid--a89b1a8_17086690ec6_-6cf4;923171;92301;Wien-Liesing;Private Volksschule der Schulstiftung der Erzdiözese Wien;Maurer Lange-Gasse 115;1230;Wien;privat;21;VS;12;276;147;129;Maurer Lange-Gasse 115, 1230 Wien;48,1481861;16,2611417
Feature;ATLAS_SCHULE.fid--a89b1a8_17086690ec6_-6cf3;922391;92201;Wien-Donaustadt;Volksschule;Wagramer Straße 224B;1220;Wien;öffentl.;13;VS; 2; 39; 23; 16;Wagramer Straße 224B, 1220 Wien;48,2621192;16,4529692
Feature;ATLAS_SCHULE.fid--a89b1a8_17086690ec6_-6cf2;922331;92201;Wien-Donaustadt;Volksschule;Leonhard Bernstein-Str. 2 (Donaucity);1220;Wien;öffentl.;13;VS; 8;182; 84; 98;Leonhard Bernstein-Str. 2 (Donaucity), 1220 Wien;48,2350174;16,4100614
Feature;ATLAS_SCHULE.fid--a89b1a8_17086690ec6_-6cf1;922371;92201;Wien-Donaustadt;Volksschule;Attemsgasse 22;1220;Wien;öffentl.;13;VS; 9;201;111; 90;Attemsgasse 22, 1220 Wien;48,2481041;16,4349199
Feature;ATLAS_SCHULE.fid--a89b1a8_17086690ec6_-6cf0;922321;92201;Wien-Donaustadt;Volksschule;Am Kaisermühlendamm 2;1220;Wien;öffentl.;13;VS;10;212;122; 90;Am Kaisermühlendamm 2, 1220 Wien;48,2265628;16,4189627
Feature;ATLAS_SCHULE.fid--a89b1a8_17086690ec6_-6cef;922141;92201;Wien-Donaustadt;Volksschule;Schüttaustraße 42;1223;Wien;öffentl.;13;VS;10;217;115;102;Schüttaustraße 42, 1223 Wien;48,2280104;16,4199847
Feature;ATLAS_SCHULE.fid--a89b1a8_17086690ec6_-6cee;922311;92201;Wien-Donaustadt;Volksschule;Wagramer Straße 27;1220;Wien;öffentl.;13;VS;11;241;129;112;Wagramer Straße 27, 1220 Wien;48,2365434;16,4242779
Feature;ATLAS_SCHULE.fid--a89b1a8_17086690ec6_-6ced;922101;92201;Wien-Donaustadt;Volksschule I;Natorpgasse 1;1222;Wien;öffentl.;13;VS;12;288;127;161;Natorpgasse 1, 1222 Wien;48,2427334;16,4441792
Feature;ATLAS_SCHULE.fid--a89b1a8_17086690ec6_-6cec;922091;92201;Wien-Donaustadt;Volksschule;Meissnergasse 1;1222;Wien;öffentl.;13;VS;13;285;144;141;Meissnergasse 1, 1222 Wien;48,2463625;16,4384439
Feature;ATLAS_SCHULE.fid--a89b1a8_17086690ec6_-6ceb;922061;92201;Wien-Donaustadt;Volksschule;Klenaugasse 12;1222;Wien;öffentl.;13;VS;13;289;147;142;Klenaugasse 12, 1222 Wien;48,2512655;16,4395053
Feature;ATLAS_SCHULE.fid--a89b1a8_17086690ec6_-6cea;922071;92201;Wien-Donaustadt;Volksschule;Konstanziagasse 24;1220;Wien;öffentl.;13;VS;13;298;154;144;Konstanziagasse 24, 1220 Wien;48,2230753;16,4536679
Feature;ATLAS_SCHULE.fid--a89b1a8_17086690ec6_-6ce9;922131;92201;Wien-Donaustadt;Volksschule;Schrebergasse 39;1225;Wien;öffentl.;13;VS;13;298;150;148;Schrebergasse 39, 1225 Wien;48,2348951;16,4747224
Feature;ATLAS_SCHULE.fid--a89b1a8_17086690ec6_-6ce8;922111;92201;Wien-Donaustadt;Volksschule;Prandaugasse 5;1222;Wien;öffentl.;13;VS;14;332;182;150;Prandaugasse 5, 1222 Wien;48,2464059;16,4312393
Feature;ATLAS_SCHULE.fid--a89b1a8_17086690ec6_-6ce7;922211;92201;Wien-Donaustadt;Volksschule;Bertha-von-Suttner-Gasse 7;1220;Wien;öffentl.;13;VS;14;308;157;151;Bertha-von-Suttner-Gasse 7, 1220 Wien;48,2521982;16,4547205
Feature;ATLAS_SCHULE.fid--a89b1a8_17086690ec6_-6ce6;922221;92201;Wien-Donaustadt;Volksschule;Brioschiweg 1 und 3;1220;Wien;öffentl.;13;VS;15;313;172;141;Brioschiweg 1 und 3, 1220 Wien;48,2609990;16,4419528
Feature;ATLAS_SCHULE.fid--a89b1a8_17086690ec6_-6ce5;922191;92201;Wien-Donaustadt;Volksschule;Mira-Lobe-Weg 4;1220;Wien;öffentl.;13;VS;15;309;162;147;Mira-Lobe-Weg 4, 1220 Wien;48,2571026;16,4571258
Feature;ATLAS_SCHULE.fid--a89b1a8_17086690ec6_-6ce4;922011;92201;Wien-Donaustadt;Volksschule;Asperner Heldenplatz 3;1224;Wien;öffentl.;13;VS;15;348;175;173;Asperner Heldenplatz 3, 1224 Wien;48,2172761;16,4836600
Feature;ATLAS_SCHULE.fid--a89b1a8_17086690ec6_-6ce3;922031;92201;Wien-Donaustadt;Volksschule;Esslinger Hauptstraße 97;1228;Wien;öffentl.;13;VS;15;353;180;173;Esslinger Hauptstraße 97, 1228 Wien;48,2143249;16,5264803
Feature;ATLAS_SCHULE.fid--a89b1a8_17086690ec6_-6ce2;922301;92201;Wien-Donaustadt;Volksschule;Hammerfestweg 1;1220;Wien;öffentl.;13;VS;15;350;173;177;Hammerfestweg 1, 1220 Wien;48,2164870;16,4716517
Feature;ATLAS_SCHULE.fid--a89b1a8_17086690ec6_-6ce1;922291;92201;Wien-Donaustadt;Volksschule;Pastinakweg 10;1220;Wien;öffentl.;13;VS;15;351;168;183;Pastinakweg 10, 1220 Wien;48,2458271;16,4727451
Feature;ATLAS_SCHULE.fid--a89b1a8_17086690ec6_-6ce0;922171;92201;Wien-Donaustadt;Volksschule;Pirquetgasse 6b;1220;Wien;öffentl.;13;VS;16;353;190;163;Pirquetgasse 6b, 1220 Wien;48,2396703;16,4830504
Feature;ATLAS_SCHULE.fid--a89b1a8_17086690ec6_-6cdf;922021;92201;Wien-Donaustadt;Volksschule;Schukowitzgasse 89;1220;Wien;öffentl.;13;VS;16;366;179;187;Schukowitzgasse 89, 1220 Wien;48,2525936;16,5014331
Feature;ATLAS_SCHULE.fid--a89b1a8_17086690ec6_-6cde;922271;92201;Wien-Donaustadt;Volksschule;Oberdorfstraße 2;1220;Wien;öffentl.;13;VS;17;372;207;165;Oberdorfstraße 2, 1220 Wien;48,2177489;16,4804441
Feature;ATLAS_SCHULE.fid--a89b1a8_17086690ec6_-6cdd;922051;92201;Wien-Donaustadt;Volksschule;Georg-Bilgeri-Straße 13;1220;Wien;öffentl.;13;VS;17;363;192;171;Georg-Bilgeri-Straße 13, 1220 Wien;48,2367682;16,4446240
Feature;ATLAS_SCHULE.fid--a89b1a8_17086690ec6_-6cdc;922281;92201;Wien-Donaustadt;Volksschule;Viktor Wittnergasse;1220;Wien;öffentl.;13;VS;17;385;206;179;Viktor Wittnergasse, 1220 Wien;48,2113319;16,5161563
Feature;ATLAS_SCHULE.fid--a89b1a8_17086690ec6_-6cdb;922151;92201;Wien-Donaustadt;Volksschule des Trägerverein Werke der Schwestern vom Armen Kinde Jesus;Hardeggasse 65;1220;Wien;privat;21;VS;14;324;158;166;Hardeggasse 65, 1220 Wien;48,2188557;16,4573993
Feature;ATLAS_SCHULE.fid--a89b1a8_17086690ec6_-6cda;922161;92201;Wien-Donaustadt;Volksschule der Vereinigung von Ordensschulen Österreichs;Schödlbergergasse 20;1223;Wien;privat;21;VS;16;375;183;192;Schödlbergergasse 20, 1223 Wien;48,2284110;16,4213715
Feature;ATLAS_SCHULE.fid--a89b1a8_17086690ec6_-6cd9;922341;92201;Wien-Donaustadt;Arche Noah Private Volksschule der Kirche der Siebenten-Tags-Adventisten des Schulvereins der Siebenten Tags-Adventisten;Jüptnergasse 4;1220;Wien;privat;62;VS; 1; 14;  8;  6;Jüptnergasse 4, 1220 Wien;48,2561582;16,4420237
Feature;ATLAS_SCHULE.fid--a89b1a8_17086690ec6_-6cd8;922381;92201;Wien-Donaustadt;Priv. Volksschule Life d. Vereins Life-Family-Work Ver. z.Unterst.d. Vereinbark. v. Familie u.Erwerbstätigkeit;Kagraner Platz 27;1220;Wien;privat;62;VS; 2; 46; 26; 20;Kagraner Platz 27, 1220 Wien;48,2487770;16,4517095
Feature;ATLAS_SCHULE.fid--a89b1a8_17086690ec6_-6cd7;921181;92101;Wien-Floridsdorf;Volksschule;Schillgasse 31;1210;Wien;öffentl.;13;VS; 6;130; 64; 66;Schillgasse 31, 1210 Wien;48,2682891;16,3883986
Feature;ATLAS_SCHULE.fid--a89b1a8_17086690ec6_-6cd6;921071;92101;Wien-Floridsdorf;Volksschule;Dr.-Skala-Straße 43-45;1210;Wien;öffentl.;13;VS; 8;175; 96; 79;Dr.-Skala-Straße 43-45, 1210 Wien;48,2999743;16,4133998
Feature;ATLAS_SCHULE.fid--a89b1a8_17086690ec6_-6cd5;921031;92101;Wien-Floridsdorf;Volksschule;Berzeliusgasse 2;1210;Wien;öffentl.;13;VS; 9;206;108; 98;Berzeliusgasse 2, 1210 Wien;48,2758621;16,4109577
Feature;ATLAS_SCHULE.fid--a89b1a8_17086690ec6_-6cd4;921301;92101;Wien-Floridsdorf;Volksschule;Rittingergasse 29A;1210;Wien;öffentl.;13;VS;10;219;115;104;Rittingergasse 29A, 1210 Wien;48,2866777;16,4206322
Feature;ATLAS_SCHULE.fid--a89b1a8_17086690ec6_-6cd3;921041;92101;Wien-Floridsdorf;Volksschule;Brünner Straße 139;1210;Wien;öffentl.;13;VS;10;232;119;113;Brünner Straße 139, 1210 Wien;48,2769341;16,4085817
Feature;ATLAS_SCHULE.fid--a89b1a8_17086690ec6_-6cd2;921281;92101;Wien-Floridsdorf;Volksschule;Marco-Polo-Platz 9;1210;Wien;öffentl.;13;VS;10;224;108;116;Marco-Polo-Platz 9, 1210 Wien;48,2780553;16,4198470
Feature;ATLAS_SCHULE.fid--a89b1a8_17086690ec6_-6cd1;921141;92101;Wien-Floridsdorf;Volksschule;Pastorstraße 29;1210;Wien;öffentl.;13;VS;11;223;110;113;Pastorstraße 29, 1210 Wien;48,2711543;16,4448380
Feature;ATLAS_SCHULE.fid--a89b1a8_17086690ec6_-6cd0;921021;92101;Wien-Floridsdorf;Volksschule;Tomaschekstraße 44;1210;Wien;öffentl.;13;VS;12;255;133;122;Tomaschekstraße 44, 1210 Wien;48,2769617;16,3840182
Feature;ATLAS_SCHULE.fid--a89b1a8_17086690ec6_-6ccf;921351;92101;Wien-Floridsdorf;Volksschule;Adolf-Loos-Gasse 2;1210;Wien;öffentl.;13;VS;13;262;159;103;Adolf-Loos-Gasse 2, 1210 Wien;48,2690452;16,4536264
Feature;ATLAS_SCHULE.fid--a89b1a8_17086690ec6_-6cce;921161;92101;Wien-Floridsdorf;Volksschule;Priessnitzgasse 1/I;1210;Wien;öffentl.;13;VS;13;287;168;119;Priessnitzgasse 1/I, 1210 Wien;48,2520373;16,4012157
Feature;ATLAS_SCHULE.fid--a89b1a8_17086690ec6_-6ccd;921091;92101;Wien-Floridsdorf;Volksschule;Herzmanovsky-Orlando-Gasse 11;1210;Wien;öffentl.;13;VS;13;284;159;125;Herzmanovsky-Orlando-Gasse 11, 1210 Wien;48,2736093;16,4516533
Feature;ATLAS_SCHULE.fid--a89b1a8_17086690ec6_-6ccc;921111;92101;Wien-Floridsdorf;Volksschule;Jochbergengasse 1;1210;Wien;öffentl.;13;VS;13;284;146;138;Jochbergengasse 1, 1210 Wien;48,2800538;16,4021927
Feature;ATLAS_SCHULE.fid--a89b1a8_17086690ec6_-6ccb;921251;92101;Wien-Floridsdorf;Volksschule;Dopschstraße 25;1210;Wien;öffentl.;13;VS;13;299;161;138;Dopschstraße 25, 1210 Wien;48,2701705;16,4432297
Feature;ATLAS_SCHULE.fid--a89b1a8_17086690ec6_-6cca;921081;92101;Wien-Floridsdorf;Volksschule;Dunantgasse 2;1210;Wien;öffentl.;13;VS;13;300;157;143;Dunantgasse 2, 1210 Wien;48,2603487;16,3894754
Feature;ATLAS_SCHULE.fid--a89b1a8_17086690ec6_-6cc9;921101;92101;Wien-Floridsdorf;Volksschule;Irenäusgasse 2;1210;Wien;öffentl.;13;VS;13;285;122;163;Irenäusgasse 2, 1210 Wien;48,2903152;16,3887002
Feature;ATLAS_SCHULE.fid--a89b1a8_17086690ec6_-6cc8;921121;92101;Wien-Floridsdorf;Volksschule;Lavantgasse 35;1210;Wien;öffentl.;13;VS;13;309;146;163;Lavantgasse 35, 1210 Wien;48,2821073;16,4487970
Feature;ATLAS_SCHULE.fid--a89b1a8_17086690ec6_-6cc7;921311;92101;Wien-Floridsdorf;Volksschule;Schumpeterweg 3;1210;Wien;öffentl.;13;VS;15;329;172;157;Schumpeterweg 3, 1210 Wien;48,2924194;16,4150401
Feature;ATLAS_SCHULE.fid--a89b1a8_17086690ec6_-6cc6;921381;92101;Wien-Floridsdorf;Volksschule;Donaufelderstraße 77;1210;Wien;öffentl.;13;VS;15;348;184;164;Donaufelderstraße 77, 1210 Wien;48,2533969;16,4168851
Feature;ATLAS_SCHULE.fid--a89b1a8_17086690ec6_-6cc5;921321;92101;Wien-Floridsdorf;Volksschule;Hanreitergasse 2;1210;Wien;öffentl.;13;VS;15;360;195;165;Hanreitergasse 2, 1210 Wien;48,2846679;16,4102944
Feature;ATLAS_SCHULE.fid--a89b1a8_17086690ec6_-6cc4;921191;92101;Wien-Floridsdorf;Volksschule;Priessnitzgasse 1-3/II;1210;Wien;öffentl.;13;VS;15;355;187;168;Priessnitzgasse 1-3/II, 1210 Wien;48,2521280;16,4011567
Feature;ATLAS_SCHULE.fid--a89b1a8_17086690ec6_-6cc3;921051;92101;Wien-Floridsdorf;Volksschule;Christian-Bucher-Gasse 14;1210;Wien;öffentl.;13;VS;15;340;154;186;Christian-Bucher-Gasse 14, 1210 Wien;48,2661283;16,3833252
Feature;ATLAS_SCHULE.fid--a89b1a8_17086690ec6_-6cc2;921131;92101;Wien-Floridsdorf;Volksschule;Mengergasse 33;1210;Wien;öffentl.;13;VS;16;371;174;197;Mengergasse 33, 1210 Wien;48,2561446;16,4099998
Feature;ATLAS_SCHULE.fid--a89b1a8_17086690ec6_-6cc1;921331;92101;Wien-Floridsdorf;Volksschule;Zehdengasse 9;1210;Wien;öffentl.;13;VS;17;384;187;197;Zehdengasse 9, 1210 Wien;48,2595235;16,4374077
Feature;ATLAS_SCHULE.fid--a89b1a8_17086690ec6_-6cc0;921201;92101;Wien-Floridsdorf;Private Volksschule Strebersdorf der Privaten Pädagogischen Hochschule - Hochschulstiftung Erzdiözese Wien (921670);Mayerweckstraße 1;1210;Wien;privat;21;VS;10;264;144;120;Mayerweckstraße 1, 1210 Wien;48,2942221;16,3809957
Feature;ATLAS_SCHULE.fid--a89b1a8_17086690ec6_-6cbf;921211;92101;Wien-Floridsdorf;Private Volksschule des Schulvereins De La Salle;Anton-Böck-Gasse 20;1210;Wien;privat;21;VS;17;393;203;190;Anton-Böck-Gasse 20, 1210 Wien;48,2973041;16,3887967
Feature;ATLAS_SCHULE.fid--a89b1a8_17086690ec6_-6cbe;921361;92101;Wien-Floridsdorf;Privatschule Vienna International Islamic Schools Volksschule des Vereins Al-Azhar International Schools;Weisselgasse 28, Nordbahnanlage 3;1210;Wien;privat;24;VS; 2; 36; 13; 23;Weisselgasse 28, Nordbahnanlage 3, 1210 Wien;48,2596030;16,4024677
Feature;ATLAS_SCHULE.fid--a89b1a8_17086690ec6_-6cbd;921411;92101;Wien-Floridsdorf;Priv.Volksschule Avicenna (lbn Sina) d. Vereins Kulturverein f. Völkerverständigung u. Bildung, Hafes-Goethe (HAGOE);Pragerstraße 124;1210;Wien;privat;62;VS; 4; 94; 47; 47;Pragerstraße 124, 1210 Wien;48,2755900;16,3891397
Feature;ATLAS_SCHULE.fid--a89b1a8_17086690ec6_-6cbc;920141;92001;Wien-Brigittenau;Volksschule;Durchlaufstraße 23;1200;Wien;öffentl.;13;VS; 9;185;100; 85;Durchlaufstraße 23, 1200 Wien;48,2411642;16,3829568
Feature;ATLAS_SCHULE.fid--a89b1a8_17086690ec6_-6cbb;920161;92001;Wien-Brigittenau;Volksschule;Engerthstraße 134;1200;Wien;öffentl.;13;VS;10;221; 96;125;Engerthstraße 134, 1200 Wien;48,2350831;16,3903570
Feature;ATLAS_SCHULE.fid--a89b1a8_17086690ec6_-6cba;920011;92001;Wien-Brigittenau;Volksschule;Vorgartenstraße 42;1200;Wien;öffentl.;13;VS;12;260;141;119;Vorgartenstraße 42, 1200 Wien;48,2407738;16,3820056
Feature;ATLAS_SCHULE.fid--a89b1a8_17086690ec6_-6cb9;920071;92001;Wien-Brigittenau;Volksschule;Leystraße 34;1200;Wien;öffentl.;13;VS;13;262;150;112;Leystraße 34, 1200 Wien;48,2430988;16,3776863
Feature;ATLAS_SCHULE.fid--a89b1a8_17086690ec6_-6cb8;920111;92001;Wien-Brigittenau;Volksschule II;Spielmanngasse 1;1200;Wien;öffentl.;13;VS;15;326;184;142;Spielmanngasse 1, 1200 Wien;48,2405285;16,3678916
Feature;ATLAS_SCHULE.fid--a89b1a8_17086690ec6_-6cb7;920091;92001;Wien-Brigittenau;Volksschule I;Dietmayrgasse 3;1200;Wien;öffentl.;13;VS;15;315;165;150;Dietmayrgasse 3, 1200 Wien;48,2406688;16,3675491
Feature;ATLAS_SCHULE.fid--a89b1a8_17086690ec6_-6cb6;920051;92001;Wien-Brigittenau;Volksschule;Greiseneckergasse 29;1200;Wien;öffentl.;13;VS;16;344;170;174;Greiseneckergasse 29, 1200 Wien;48,2314942;16,3739604
Feature;ATLAS_SCHULE.fid--a89b1a8_17086690ec6_-6cb5;920081;92001;Wien-Brigittenau;Volksschule;Vorgartenstraße 95-97;1200;Wien;öffentl.;13;VS;17;350;180;170;Vorgartenstraße 95-97, 1200 Wien;48,2345402;16,3898385
Feature;ATLAS_SCHULE.fid--a89b1a8_17086690ec6_-6cb4;920031;92001;Wien-Brigittenau;Volksschule;Treustraße 53-55;1200;Wien;öffentl.;13;VS;17;365;186;179;Treustraße 53-55, 1200 Wien;48,2312664;16,3641258
Feature;ATLAS_SCHULE.fid--a89b1a8_17086690ec6_-6cb3;920121;92001;Wien-Brigittenau;Volksschule;Robert-Blum-Gasse 2;1200;Wien;öffentl.;13;VS;18;404;214;190;Robert-Blum-Gasse 2, 1200 Wien;48,2485690;16,3742309
Feature;ATLAS_SCHULE.fid--a89b1a8_17086690ec6_-6cb2;919071;91901;Wien-Döbling;Volksschule;Oskar-Spiel-Gasse 3;1190;Wien;öffentl.;13;VS; 8;149; 83; 66;Oskar-Spiel-Gasse 3, 1190 Wien;48,2576658;16,3632912
Feature;ATLAS_SCHULE.fid--a89b1a8_17086690ec6_-6cb1;919041;91901;Wien-Döbling;Volksschule;Kreindlgasse 24;1190;Wien;öffentl.;13;VS; 8;192; 96; 96;Kreindlgasse 24, 1190 Wien;48,2402719;16,3522745
Feature;ATLAS_SCHULE.fid--a89b1a8_17086690ec6_-6cb0;919091;91901;Wien-Döbling;Volksschule;Windhabergasse 2;1190;Wien;öffentl.;13;VS; 8;187; 78;109;Windhabergasse 2, 1190 Wien;48,2484814;16,3303745
Feature;ATLAS_SCHULE.fid--a89b1a8_17086690ec6_-6caf;919081;91901;Wien-Döbling;Volksschule;Pantzergasse 25;1190;Wien;öffentl.;13;VS; 9;174; 89; 85;Pantzergasse 25, 1190 Wien;48,2357550;16,3541700
Feature;ATLAS_SCHULE.fid--a89b1a8_17086690ec6_-6cae;919061;91901;Wien-Döbling;Volksschule;Mannagettagasse 1;1190;Wien;öffentl.;13;VS; 9;193;108; 85;Mannagettagasse 1, 1190 Wien;48,2558963;16,3390779
Feature;ATLAS_SCHULE.fid--a89b1a8_17086690ec6_-6cad;919031;91901;Wien-Döbling;Volksschule;Grinzinger Straße 84-88;1190;Wien;öffentl.;13;VS;12;262;118;144;Grinzinger Straße 84-88, 1190 Wien;48,2538734;16,3580633
Feature;ATLAS_SCHULE.fid--a89b1a8_17086690ec6_-6cac;919051;91901;Wien-Döbling;Volksschule;Krottenbachstraße 108;1190;Wien;öffentl.;13;VS;17;340;191;149;Krottenbachstraße 108, 1190 Wien;48,2423542;16,3258047
Feature;ATLAS_SCHULE.fid--a89b1a8_17086690ec6_-6cab;919101;91901;Wien-Döbling;Volksschule des Institutes Neulandschulen;Alfred-Wegener-Gasse 10;1190;Wien;privat;21;VS;11;269;152;117;Alfred-Wegener-Gasse 10, 1190 Wien;48,2514276;16,3386792
Feature;ATLAS_SCHULE.fid--a89b1a8_17086690ec6_-6caa;919111;91901;Wien-Döbling;Private Volksschule Maria Regina des Trägervereins Werke der Schwestern vom Armen Kinde Jesus;Döblinger Hauptstraße 83;1190;Wien;privat;21;VS;14;342;167;175;Döblinger Hauptstraße 83, 1190 Wien;48,2422742;16,3553685
Feature;ATLAS_SCHULE.fid--a89b1a8_17086690ec6_-6ca9;918031;91801;Wien-Währing;Volksschule;Klettenhofergasse 3;1180;Wien;öffentl.;13;VS; 7;128; 77; 51;Klettenhofergasse 3, 1180 Wien;48,2205256;16,3423199
Feature;ATLAS_SCHULE.fid--a89b1a8_17086690ec6_-6ca8;918021;91801;Wien-Währing;Volksschule;Cottagegasse 17;1180;Wien;öffentl.;13;VS; 9;163; 79; 84;Cottagegasse 17, 1180 Wien;48,2290406;16,3399625
Feature;ATLAS_SCHULE.fid--a89b1a8_17086690ec6_-6ca7;918041;91801;Wien-Währing;Volksschule;Köhlergasse 9;1180;Wien;öffentl.;13;VS;10;225;119;106;Köhlergasse 9, 1180 Wien;48,2296856;16,3335993
Feature;ATLAS_SCHULE.fid--a89b1a8_17086690ec6_-6ca6;918061;91801;Wien-Währing;Volksschule;Schulgasse 57;1180;Wien;öffentl.;13;VS;10;212; 96;116;Schulgasse 57, 1180 Wien;48,2254559;16,3388577
Feature;ATLAS_SCHULE.fid--a89b1a8_17086690ec6_-6ca5;918051;91801;Wien-Währing;Volksschule;Scheibenbergstraße 63;1180;Wien;öffentl.;13;VS;11;242;118;124;Scheibenbergstraße 63, 1180 Wien;48,2372508;16,3172523
Feature;ATLAS_SCHULE.fid--a89b1a8_17086690ec6_-6ca4;918011;91801;Wien-Währing;Volksschule;Bischof-Faber-Platz 1;1180;Wien;öffentl.;13;VS;14;307;176;131;Bischof-Faber-Platz 1, 1180 Wien;48,2337683;16,3247261
Feature;ATLAS_SCHULE.fid--a89b1a8_17086690ec6_-6ca3;918181;91801;Wien-Währing;Private Volksschule Marianum des Schulvereins De La Salle;Scheidlstraße 2;1180;Wien;privat;21;VS; 9;210;105;105;Scheidlstraße 2, 1180 Wien;48,2291911;16,3281637
Feature;ATLAS_SCHULE.fid--a89b1a8_17086690ec6_-6ca2;918151;91801;Wien-Währing;Private Volksschule des Schulvereins De La Salle;Schopenhauerstraße 44-46;1180;Wien;privat;21;VS;12;261;124;137;Schopenhauerstraße 44-46, 1180 Wien;48,2243869;16,3412659
Feature;ATLAS_SCHULE.fid--a89b1a8_17086690ec6_-6ca1;918071;91801;Wien-Währing;Private Volksschule der Schulstiftung der Erzdiözese Wien;Antonigasse 72;1180;Wien;privat;21;VS;13;268;159;109;Antonigasse 72, 1180 Wien;48,2245747;16,3335920
Feature;ATLAS_SCHULE.fid--a89b1a8_17086690ec6_-6ca0;918121;91801;Wien-Währing;Volksschule Albertus Magnus Schule der Vereinigung von Ordensschulen Österreichs;Semperstraße 45;1180;Wien;privat;21;VS;13;298;177;121;Semperstraße 45, 1180 Wien;48,2289398;16,3489065
Feature;ATLAS_SCHULE.fid--a89b1a8_17086690ec6_-6c9f;918111;91801;Wien-Währing;Volksschule der Evangelischen Schulgemeinde Wien;Schumanngasse 17;1180;Wien;privat;22;VS; 6;142; 82; 60;Schumanngasse 17, 1180 Wien;48,2206228;16,3395793
Feature;ATLAS_SCHULE.fid--a89b1a8_17086690ec6_-6c9e;918161;91801;Wien-Währing;Vienna Elementary School des Dr. Christian Schauberger;Lacknergasse 75;1180;Wien;privat;71;VS;12;215;106;109;Lacknergasse 75, 1180 Wien;48,2271186;16,3330573
Feature;ATLAS_SCHULE.fid--a89b1a8_17086690ec6_-6c9d;917053;91701;Wien-Hernals;Allgemeine Sonderschule Zentrum für inklusiv- und Sonderpädagogik;Hernalser Hauptstraße 220-222;1170;Wien;öffentl.;13;VS; 5; 58; 44; 14;Hernalser Hauptstraße 220-222, 1170 Wien;48,2259634;16,3099530
Feature;ATLAS_SCHULE.fid--a89b1a8_17086690ec6_-6c9c;917021;91701;Wien-Hernals;Volksschule;Kindermanngasse 1;1170;Wien;öffentl.;13;VS;12;268;128;140;Kindermanngasse 1, 1170 Wien;48,2177349;16,3315636
Feature;ATLAS_SCHULE.fid--a89b1a8_17086690ec6_-6c9b;917041;91701;Wien-Hernals;Volksschule;Rötzergasse 2-4;1170;Wien;öffentl.;13;VS;13;293;159;134;Rötzergasse 2-4, 1170 Wien;48,2189602;16,3338790
Feature;ATLAS_SCHULE.fid--a89b1a8_17086690ec6_-6c9a;917061;91701;Wien-Hernals;Volksschule;Wichtelgasse 67;1170;Wien;öffentl.;13;VS;15;346;180;166;Wichtelgasse 67, 1170 Wien;48,2195469;16,3217900
Feature;ATLAS_SCHULE.fid--a89b1a8_17086690ec6_-6c99;917031;91701;Wien-Hernals;Volksschule;Knollgasse 6;1170;Wien;öffentl.;13;VS;16;349;199;150;Knollgasse 6, 1170 Wien;48,2316927;16,2920413
Feature;ATLAS_SCHULE.fid--a89b1a8_17086690ec6_-6c98;917011;91701;Wien-Hernals;Volksschule;Halirschgasse 25;1170;Wien;öffentl.;13;VS;19;379;190;189;Halirschgasse 25, 1170 Wien;48,2247631;16,3157280
Feature;ATLAS_SCHULE.fid--a89b1a8_17086690ec6_-6c97;916091;91601;Wien-Ottakring;Volksschule;Odoakergasse 48;1160;Wien;öffentl.;13;VS;11;220;115;105;Odoakergasse 48, 1160 Wien;48,2192381;16,3098063
Feature;ATLAS_SCHULE.fid--a89b1a8_17086690ec6_-6c96;916081;91601;Wien-Ottakring;Volksschule;Lorenz-Mandl-Gasse 58;1160;Wien;öffentl.;13;VS;12;264;144;120;Lorenz-Mandl-Gasse 58, 1160 Wien;48,2126744;16,3077052
Feature;ATLAS_SCHULE.fid--a89b1a8_17086690ec6_-6c95;916011;91601;Wien-Ottakring;Volksschule;Gaullachergasse 49;1160;Wien;öffentl.;13;VS;13;251;132;119;Gaullachergasse 49, 1160 Wien;48,2121035;16,3328035
Feature;ATLAS_SCHULE.fid--a89b1a8_17086690ec6_-6c94;916061;91601;Wien-Ottakring;Volksschule;Landsteinergasse 4;1160;Wien;öffentl.;13;VS;13;278;141;137;Landsteinergasse 4, 1160 Wien;48,2087137;16,3080643
Feature;ATLAS_SCHULE.fid--a89b1a8_17086690ec6_-6c93;916101;91601;Wien-Ottakring;Volksschule;Grundsteingasse 56;1160;Wien;öffentl.;13;VS;13;308;169;139;Grundsteingasse 56, 1160 Wien;48,2105646;16,3326442
Feature;ATLAS_SCHULE.fid--a89b1a8_17086690ec6_-6c92;916041;91601;Wien-Ottakring;Volksschule;Julius-Meinl-Gasse 1;1160;Wien;öffentl.;13;VS;14;309;153;156;Julius-Meinl-Gasse 1, 1160 Wien;48,2196519;16,3109699
Feature;ATLAS_SCHULE.fid--a89b1a8_17086690ec6_-6c91;916051;91601;Wien-Ottakring;Volksschule;Brüsslgasse 18;1160;Wien;öffentl.;13;VS;14;310;150;160;Brüsslgasse 18, 1160 Wien;48,2082286;16,3212670
Feature;ATLAS_SCHULE.fid--a89b1a8_17086690ec6_-6c90;916071;91601;Wien-Ottakring;Volksschule;Liebhartsgasse 19-21;1160;Wien;öffentl.;13;VS;16;307;163;144;Liebhartsgasse 19-21, 1160 Wien;48,2066920;16,3298399
Feature;ATLAS_SCHULE.fid--a89b1a8_17086690ec6_-6c8f;916021;91601;Wien-Ottakring;Volksschule;Grubergasse 4;1160;Wien;öffentl.;13;VS;17;384;200;184;Grubergasse 4, 1160 Wien;48,2124233;16,3158705
Feature;ATLAS_SCHULE.fid--a89b1a8_17086690ec6_-6c8d;916031;91601;Wien-Ottakring;Volksschule Vienna Bilingual School;Herbststraße 86;1160;Wien;öffentl.;13;VS;17;356;168;188;Herbststraße 86, 1160 Wien;48,2074481;16,3213379
Feature;ATLAS_SCHULE.fid--a89b1a8_17086690ec6_-6c8c;915031;91501;Wien-Rudolfsheim-Fünfhaus;Volksschule Oskar-Spiel-Schule;Friesgasse 10;1150;Wien;öffentl.;13;VS; 9;166; 88; 78;Friesgasse 10, 1150 Wien;48,1905807;16,3334716
Feature;ATLAS_SCHULE.fid--a89b1a8_17086690ec6_-6c8b;915061;91501;Wien-Rudolfsheim-Fünfhaus;Volksschule;Selzergasse 19;1150;Wien;öffentl.;13;VS; 9;186;102; 84;Selzergasse 19, 1150 Wien;48,1961354;16,3232543
Feature;ATLAS_SCHULE.fid--a89b1a8_17086690ec6_-6c8a;915011;91501;Wien-Rudolfsheim-Fünfhaus;Volksschule;Benedikt-Schellinger-Gasse 1-3;1150;Wien;öffentl.;13;VS; 9;207;114; 93;Benedikt-Schellinger-Gasse 1-3, 1150 Wien;48,1965593;16,3302100
Feature;ATLAS_SCHULE.fid--a89b1a8_17086690ec6_-6c89;915071;91501;Wien-Rudolfsheim-Fünfhaus;Volksschule;Ortnergasse 4;1150;Wien;öffentl.;13;VS;10;212;121; 91;Ortnergasse 4, 1150 Wien;48,1855850;16,3316303
Feature;ATLAS_SCHULE.fid--a89b1a8_17086690ec6_-6c88;915041;91501;Wien-Rudolfsheim-Fünfhaus;Volksschule;Goldschlagstraße 14-16;1150;Wien;öffentl.;13;VS;10;204;105; 99;Goldschlagstraße 14-16, 1150 Wien;48,1989212;16,3352002
Feature;ATLAS_SCHULE.fid--a89b1a8_17086690ec6_-6c87;915051;91501;Wien-Rudolfsheim-Fünfhaus;Volksschule;Johnstraße 40;1150;Wien;öffentl.;13;VS;13;284;148;136;Johnstraße 40, 1150 Wien;48,1971614;16,3188402
Feature;ATLAS_SCHULE.fid--a89b1a8_17086690ec6_-6c86;915021;91501;Wien-Rudolfsheim-Fünfhaus;Volksschule;Friedrichsplatz 5;1150;Wien;öffentl.;13;VS;17;269;144;125;Friedrichsplatz 5, 1150 Wien;48,1945831;16,3331213
Feature;ATLAS_SCHULE.fid--a89b1a8_17086690ec6_-6c85;915101;91501;Wien-Rudolfsheim-Fünfhaus;Volksschule;Reichsapfelgasse 30;1150;Wien;öffentl.;13;VS;18;379;184;195;Reichsapfelgasse 30, 1150 Wien;48,1889987;16,3251043
Feature;ATLAS_SCHULE.fid--a89b1a8_17086690ec6_-6c84;915023;91501;Wien-Rudolfsheim-Fünfhaus;Volks- und Neue Mittelschule für Sehbehinderte Kinder;Zinckgasse 12-14;1150;Wien;öffentl.;13;VS;20;259;147;112;Zinckgasse 12-14, 1150 Wien;48,1990841;16,3349525
Feature;ATLAS_SCHULE.fid--a89b1a8_17086690ec6_-6c83;915091;91501;Wien-Rudolfsheim-Fünfhaus;Private Volksschule des Schulvereins De La Salle;Gebrüder-Lang-Gasse 4;1150;Wien;privat;21;VS; 8;140; 82; 58;Gebrüder-Lang-Gasse 4, 1150 Wien;48,1924810;16,3371231
Feature;ATLAS_SCHULE.fid--a89b1a8_17086690ec6_-6c82;915081;91501;Wien-Rudolfsheim-Fünfhaus;Private Volksschule des Vereins Schulverbund SSND Österreich/Schulschwestern Notre Dame;Friesgasse 4;1150;Wien;privat;21;VS;12;287;142;145;Friesgasse 4, 1150 Wien;48,1906277;16,3340413
Feature;ATLAS_SCHULE.fid--a89b1a8_17086690ec6_-6c81;914031;91401;Wien-Penzing;Volksschule;Hadersdorf, Hauptstraße 70;1140;Wien;öffentl.;13;VS; 9;186; 99; 87;Hadersdorf, Hauptstraße 70, 1140 Wien;48,2095592;16,2232960
Feature;ATLAS_SCHULE.fid--a89b1a8_17086690ec6_-6c80;914011;91401;Wien-Penzing;Volksschule;Diesterweggasse 30;1140;Wien;öffentl.;13;VS;13;252;144;108;Diesterweggasse 30, 1140 Wien;48,1912476;16,3059067
Feature;ATLAS_SCHULE.fid--a89b1a8_17086690ec6_-6c7f;914021;91401;Wien-Penzing;Volksschule;Felbigergasse 97;1140;Wien;öffentl.;13;VS;13;257;141;116;Felbigergasse 97, 1140 Wien;48,1961293;16,2832387
Feature;ATLAS_SCHULE.fid--a89b1a8_17086690ec6_-6c7e;914081;91401;Wien-Penzing;Volksschule;Zennerstraße 1;1140;Wien;öffentl.;13;VS;13;282;151;131;Zennerstraße 1, 1140 Wien;48,2014102;16,3062841
Feature;ATLAS_SCHULE.fid--a89b1a8_17086690ec6_-6c7d;914041;91401;Wien-Penzing;Volksschule;Hochsatzengasse 22-24;1140;Wien;öffentl.;13;VS;15;326;181;145;Hochsatzengasse 22-24, 1140 Wien;48,1963251;16,2769753
Feature;ATLAS_SCHULE.fid--a89b1a8_17086690ec6_-6c7c;914061;91401;Wien-Penzing;Volksschule;Lortzinggasse 2;1140;Wien;öffentl.;13;VS;15;328;163;165;Lortzinggasse 2, 1140 Wien;48,1976258;16,3137781
Feature;ATLAS_SCHULE.fid--a89b1a8_17086690ec6_-6c7b;914051;91401;Wien-Penzing;Volksschule;Linzer Straße 419;1140;Wien;öffentl.;13;VS;15;361;176;185;Linzer Straße 419, 1140 Wien;48,2021095;16,2557468
Feature;ATLAS_SCHULE.fid--a89b1a8_17086690ec6_-6c7a;914121;91401;Wien-Penzing;Volksschule;Märzstraße 178-180;1140;Wien;öffentl.;13;VS;16;364;190;174;Märzstraße 178-180, 1140 Wien;48,1966650;16,3030775
Feature;ATLAS_SCHULE.fid--a89b1a8_17086690ec6_-6c79;914111;91401;Wien-Penzing;Volksschule;Karl-Toldt-Weg 12;1140;Wien;öffentl.;13;VS;17;344;188;156;Karl-Toldt-Weg 12, 1140 Wien;48,2020475;16,2729244
Feature;ATLAS_SCHULE.fid--a89b1a8_17086690ec6_-6c78;914101;91401;Wien-Penzing;Volksschule Josefinum der Pfarre Breitensee;Breitenseer Straße 31;1140;Wien;privat;21;VS;19;441;222;219;Breitenseer Straße 31, 1140 Wien;48,2016476;16,3078387
Feature;ATLAS_SCHULE.fid--a89b1a8_17086690ec6_-6c77;913021;91301;Wien-Hietzing;Volksschule;Auhofstraße 49;1130;Wien;öffentl.;13;VS; 9;213;112;101;Auhofstraße 49, 1130 Wien;48,1895305;16,2847519
Feature;ATLAS_SCHULE.fid--a89b1a8_17086690ec6_-6c76;913041;91301;Wien-Hietzing;Volksschule;Dr.-Schober-Straße 1;1130;Wien;öffentl.;13;VS;10;223;107;116;Dr.-Schober-Straße 1, 1130 Wien;48,1665350;16,2729229
Feature;ATLAS_SCHULE.fid--a89b1a8_17086690ec6_-6c75;913011;91301;Wien-Hietzing;Volksschule;Am Platz 2;1130;Wien;öffentl.;13;VS;10;237;113;124;Am Platz 2, 1130 Wien;48,1855785;16,3015872
Feature;ATLAS_SCHULE.fid--a89b1a8_17086690ec6_-6c74;913051;91301;Wien-Hietzing;Volksschule;Speisinger Straße 44;1130;Wien;öffentl.;13;VS;12;211;118; 93;Speisinger Straße 44, 1130 Wien;48,1696938;16,2853999
Feature;ATLAS_SCHULE.fid--a89b1a8_17086690ec6_-6c73;913061;91301;Wien-Hietzing;Volksschule;Steinlechnergasse 5-7;1130;Wien;öffentl.;13;VS;16;365;208;157;Steinlechnergasse 5-7, 1130 Wien;48,1765839;16,2821424
Feature;ATLAS_SCHULE.fid--a89b1a8_17086690ec6_-6c72;913081;91301;Wien-Hietzing;Volksschule;Hietzinger Hauptstraße 166;1130;Wien;öffentl.;13;VS;19;429;203;226;Hietzinger Hauptstraße 166, 1130 Wien;48,1881211;16,2680872
Feature;ATLAS_SCHULE.fid--a89b1a8_17086690ec6_-6c71;913071;91301;Wien-Hietzing;Volksschule des Schulvereins der Dominikanerinnen;Schlossberggasse 17;1130;Wien;privat;21;VS; 8;196; 92;104;Schlossberggasse 17, 1130 Wien;48,1927593;16,2625094
Feature;ATLAS_SCHULE.fid--a89b1a8_17086690ec6_-6c70;912051;91201;Wien-Meidling;Volksschule;Karl-Löwe-Gasse 20;1120;Wien;öffentl.;13;VS;13;287;138;149;Karl-Löwe-Gasse 20, 1120 Wien;48,1780946;16,3401775
Feature;ATLAS_SCHULE.fid--a89b1a8_17086690ec6_-6c6f;912061;91201;Wien-Meidling;Volksschule;Deckergasse 1;1120;Wien;öffentl.;13;VS;14;315;183;132;Deckergasse 1, 1120 Wien;48,1785910;16,3399462
Feature;ATLAS_SCHULE.fid--a89b1a8_17086690ec6_-6c6e;912021;91201;Wien-Meidling;Volksschule;Haebergasse 1a;1120;Wien;öffentl.;13;VS;14;332;186;146;Haebergasse 1a, 1120 Wien;48,1852320;16,3383470
Feature;ATLAS_SCHULE.fid--a89b1a8_17086690ec6_-6c6d;912101;91201;Wien-Meidling;Volksschule;am Schöpfwerk 27;1120;Wien;öffentl.;13;VS;14;319;165;154;am Schöpfwerk 27, 1120 Wien;48,1595321;16,3295915
Feature;ATLAS_SCHULE.fid--a89b1a8_17086690ec6_-6c6c;912041;91201;Wien-Meidling;Volksschule;Johann-Hoffmann-Platz 20;1120;Wien;öffentl.;13;VS;15;316;175;141;Johann-Hoffmann-Platz 20, 1120 Wien;48,1710767;16,3265522
Feature;ATLAS_SCHULE.fid--a89b1a8_17086690ec6_-6c6b;912091;91201;Wien-Meidling;Volksschule;Ruckergasse 42;1120;Wien;öffentl.;13;VS;15;346;182;164;Ruckergasse 42, 1120 Wien;48,1778387;16,3263091
Feature;ATLAS_SCHULE.fid--a89b1a8_17086690ec6_-6c6a;912011;91201;Wien-Meidling;Volksschule;Bischoffgasse 10;1120;Wien;öffentl.;13;VS;15;344;160;184;Bischoffgasse 10, 1120 Wien;48,1823713;16,3216940
Feature;ATLAS_SCHULE.fid--a89b1a8_17086690ec6_-6c69;912081;91201;Wien-Meidling;Volksschule;Rothenburgstraße 1;1120;Wien;öffentl.;13;VS;17;403;217;186;Rothenburgstraße 1, 1120 Wien;48,1623953;16,3206391
Feature;ATLAS_SCHULE.fid--a89b1a8_17086690ec6_-6c68;912121;91201;Wien-Meidling;Volksschule;Rohrwassergasse 2;1120;Wien;öffentl.;13;VS;23;525;257;268;Rohrwassergasse 2, 1120 Wien;48,1652171;16,3053241
Feature;ATLAS_SCHULE.fid--a89b1a8_17086690ec6_-6c67;911091;91101;Wien-Simmering;Volksschule;Münnichplatz 6;1110;Wien;öffentl.;13;VS; 8;151; 81; 70;Münnichplatz 6, 1110 Wien;48,1584657;16,4744747
Feature;ATLAS_SCHULE.fid--a89b1a8_17086690ec6_-6c66;911131;91101;Wien-Simmering;Volksschule;Hoefftgasse 7;1110;Wien;öffentl.;13;VS; 9;191;107; 84;Hoefftgasse 7, 1110 Wien;48,1553163;16,4707081
Feature;ATLAS_SCHULE.fid--a89b1a8_17086690ec6_-6c65;911101;91101;Wien-Simmering;Volksschule;Simoningplatz 2;1110;Wien;öffentl.;13;VS; 9;204;112; 92;Simoningplatz 2, 1110 Wien;48,1798554;16,4205387
Feature;ATLAS_SCHULE.fid--a89b1a8_17086690ec6_-6c64;911141;91101;Wien-Simmering;Volksschule;Pantucekgasse 13;1110;Wien;öffentl.;13;VS;12;264;148;116;Pantucekgasse 13, 1110 Wien;48,1540243;16,4542568
Feature;ATLAS_SCHULE.fid--a89b1a8_17086690ec6_-6c63;911031;91101;Wien-Simmering;Volksschule;Brehmstraße 9;1110;Wien;öffentl.;13;VS;12;262;144;118;Brehmstraße 9, 1110 Wien;48,1754456;16,4056297
Feature;ATLAS_SCHULE.fid--a89b1a8_17086690ec6_-6c62;911071;91101;Wien-Simmering;Volksschule;Rzehakgasse 9;1110;Wien;öffentl.;13;VS;12;248;128;120;Rzehakgasse 9, 1110 Wien;48,1580404;16,4563439
Feature;ATLAS_SCHULE.fid--a89b1a8_17086690ec6_-6c61;911061;91101;Wien-Simmering;Volksschule;Molitorgasse 11;1110;Wien;öffentl.;13;VS;14;329;179;150;Molitorgasse 11, 1110 Wien;48,1828150;16,4098042
Feature;ATLAS_SCHULE.fid--a89b1a8_17086690ec6_-6c60;911041;91101;Wien-Simmering;Volksschule;Herderplatz 1;1110;Wien;öffentl.;13;VS;14;317;162;155;Herderplatz 1, 1110 Wien;48,1726085;16,4108135
Feature;ATLAS_SCHULE.fid--a89b1a8_17086690ec6_-6c5f;911171;91101;Wien-Simmering;Volksschule;Svetelskystraße 4-6;1110;Wien;öffentl.;13;VS;14;313;157;156;Svetelskystraße 4-6, 1110 Wien;48,1546357;16,4609302
Feature;ATLAS_SCHULE.fid--a89b1a8_17086690ec6_-6c5e;911051;91101;Wien-Simmering;Volksschule;Florian-Hedorfer-Straße 20;1110;Wien;öffentl.;13;VS;15;345;185;160;Florian-Hedorfer-Straße 20, 1110 Wien;48,1658222;16,4316453
Feature;ATLAS_SCHULE.fid--a89b1a8_17086690ec6_-6c5d;911181;91101;Wien-Simmering;Volksschule;Svetelskystraße 5;1110;Wien;öffentl.;13;VS;17;384;195;189;Svetelskystraße 5, 1110 Wien;48,1552387;16,4617333
Feature;ATLAS_SCHULE.fid--a89b1a8_17086690ec6_-6c5c;911011;91101;Wien-Simmering;Volksschule;Braunhubergasse 3;1110;Wien;öffentl.;13;VS;17;406;210;196;Braunhubergasse 3, 1110 Wien;48,1712755;16,4179790
Feature;ATLAS_SCHULE.fid--a89b1a8_17086690ec6_-6c5b;911161;91101;Wien-Simmering;Volksschule;Fuchsröhrenstraße 25;1110;Wien;öffentl.;13;VS;17;390;189;201;Fuchsröhrenstraße 25, 1110 Wien;48,1807322;16,4157020
Feature;ATLAS_SCHULE.fid--a89b1a8_17086690ec6_-6c5a;911111;91101;Wien-Simmering;Volksschule;Wilhelm-Kress-Platz 32;1110;Wien;öffentl.;13;VS;19;434;220;214;Wilhelm-Kress-Platz 32, 1110 Wien;48,1612015;16,4254288
Feature;ATLAS_SCHULE.fid--a89b1a8_17086690ec6_-6c59;911191;91101;Wien-Simmering;Privatschule Volksschule des Vereins SOLMIT - Solidarisch miteinander;Florian-Hedorfer Straße 21;1110;Wien;privat;62;VS; 2; 29;  6; 23;Florian-Hedorfer Straße 21, 1110 Wien;48,1672909;16,4310139
Feature;ATLAS_SCHULE.fid--a89b1a8_17086690ec6_-6c58;910221;91001;Wien-Favoriten;Praxisvolksschule der Pädagogischen Hochschule in Wien (910660);Grenzackerstraße 18;1100;Wien;öffentl.;11;VS; 9;189; 96; 93;Grenzackerstraße 18, 1100 Wien;48,1650047;16,3732789
Feature;ATLAS_SCHULE.fid--a89b1a8_17086690ec6_-6c57;910181;91001;Wien-Favoriten;Volksschule;Selma-Lagerlöf-Gasse 20;1100;Wien;öffentl.;13;VS; 8;182; 94; 88;Selma-Lagerlöf-Gasse 20, 1100 Wien;48,1507021;16,3754056
Feature;ATLAS_SCHULE.fid--a89b1a8_17086690ec6_-6c56;910141;91001;Wien-Favoriten;Volksschule;Laaer-Berg-Straße 170;1100;Wien;öffentl.;13;VS; 8;194;101; 93;Laaer-Berg-Straße 170, 1100 Wien;48,1550134;16,3958142
Feature;ATLAS_SCHULE.fid--a89b1a8_17086690ec6_-6c55;910161;91001;Wien-Favoriten;Volksschule;Oberlaaer Platz 1;1100;Wien;öffentl.;13;VS; 8;177; 82; 95;Oberlaaer Platz 1, 1100 Wien;48,1375950;16,4046151
Feature;ATLAS_SCHULE.fid--a89b1a8_17086690ec6_-6c54;910121;91001;Wien-Favoriten;Volksschule;Klausenburgerstraße 25;1100;Wien;öffentl.;13;VS;10;202;123; 79;Klausenburgerstraße 25, 1100 Wien;48,1689846;16,3821598
Feature;ATLAS_SCHULE.fid--a89b1a8_17086690ec6_-6c53;910021;91001;Wien-Favoriten;Volksschule;Alxingergasse 82;1100;Wien;öffentl.;13;VS;10;234;131;103;Alxingergasse 82, 1100 Wien;48,1705295;16,3667863
Feature;ATLAS_SCHULE.fid--a89b1a8_17086690ec6_-6c52;910291;91001;Wien-Favoriten;Volksschule;Tesarekplatz 4;1100;Wien;öffentl.;13;VS;11;243;138;105;Tesarekplatz 4, 1100 Wien;48,1556031;16,3500497
Feature;ATLAS_SCHULE.fid--a89b1a8_17086690ec6_-6c51;910341;91001;Wien-Favoriten;Volksschule;Maria-Rekker-Gasse 3;1100;Wien;öffentl.;13;VS;11;257;152;105;Maria-Rekker-Gasse 3, 1100 Wien;48,1649415;16,3840225
Feature;ATLAS_SCHULE.fid--a89b1a8_17086690ec6_-6c50;910111;91001;Wien-Favoriten;Volksschule;Keplerplatz 7;1100;Wien;öffentl.;13;VS;11;254;120;134;Keplerplatz 7, 1100 Wien;48,1788904;16,3748136
Feature;ATLAS_SCHULE.fid--a89b1a8_17086690ec6_-6c4f;910251;91001;Wien-Favoriten;Volksschule;Wendstattgasse 3;1100;Wien;öffentl.;13;VS;12;261;143;118;Wendstattgasse 3, 1100 Wien;48,1473909;16,3943766
Feature;ATLAS_SCHULE.fid--a89b1a8_17086690ec6_-6c4e;910011;91001;Wien-Favoriten;Volksschule;Ada-Christen-Gasse 9;1100;Wien;öffentl.;13;VS;12;264;139;125;Ada-Christen-Gasse 9, 1100 Wien;48,1489220;16,3838096
Feature;ATLAS_SCHULE.fid--a89b1a8_17086690ec6_-6c4d;910071;91001;Wien-Favoriten;Volksschule;Hebbelplatz 1;1100;Wien;öffentl.;13;VS;13;280;142;138;Hebbelplatz 1, 1100 Wien;48,1666612;16,3785459
Feature;ATLAS_SCHULE.fid--a89b1a8_17086690ec6_-6c4c;910061;91001;Wien-Favoriten;Volksschule;Georg-Wilhelm-Pabst-Gasse 2;1100;Wien;öffentl.;13;VS;13;299;158;141;Georg-Wilhelm-Pabst-Gasse 2, 1100 Wien;48,1673455;16,3615114
Feature;ATLAS_SCHULE.fid--a89b1a8_17086690ec6_-6c4b;910051;91001;Wien-Favoriten;Volksschule;Carl-Prohaska Platz 1;1100;Wien;öffentl.;13;VS;14;310;174;136;Carl-Prohaska Platz 1, 1100 Wien;48,1576763;16,3639815
Feature;ATLAS_SCHULE.fid--a89b1a8_17086690ec6_-6c4a;910351;91001;Wien-Favoriten;Volksschule;Hertha Firnberg-Straße 12;1100;Wien;öffentl.;13;VS;14;311;152;159;Hertha Firnberg-Straße 12, 1100 Wien;48,1679608;16,3426100
Feature;ATLAS_SCHULE.fid--a89b1a8_17086690ec6_-6c49;910091;91001;Wien-Favoriten;Volksschule;Jagdgasse 22;1100;Wien;öffentl.;13;VS;14;339;177;162;Jagdgasse 22, 1100 Wien;48,1761649;16,3719833
Feature;ATLAS_SCHULE.fid--a89b1a8_17086690ec6_-6c48;910081;91001;Wien-Favoriten;Volksschule;Herzgasse 87;1100;Wien;öffentl.;13;VS;14;332;153;179;Herzgasse 87, 1100 Wien;48,1706689;16,3661738
Feature;ATLAS_SCHULE.fid--a89b1a8_17086690ec6_-6c47;910101;91001;Wien-Favoriten;Volksschule;Jagdgasse 23;1100;Wien;öffentl.;13;VS;16;369;190;179;Jagdgasse 23, 1100 Wien;48,1761399;16,3722844
Feature;ATLAS_SCHULE.fid--a89b1a8_17086690ec6_-6c46;910171;91001;Wien-Favoriten;Volksschule;Quellenstraße 54;1100;Wien;öffentl.;13;VS;16;378;183;195;Quellenstraße 54, 1100 Wien;48,1753952;16,3793531
Feature;ATLAS_SCHULE.fid--a89b1a8_17086690ec6_-6c45;910371;91001;Wien-Favoriten;Volksschule;Rudolf Friemel-Gasse 3;1100;Wien;öffentl.;13;VS;17;393;220;173;Rudolf Friemel-Gasse 3, 1100 Wien;48,1661930;16,3903094
Feature;ATLAS_SCHULE.fid--a89b1a8_17086690ec6_-6c44;910271;91001;Wien-Favoriten;Volksschule;Neilreichgasse 111;1100;Wien;öffentl.;13;VS;17;364;188;176;Neilreichgasse 111, 1100 Wien;48,1629290;16,3630314
Feature;ATLAS_SCHULE.fid--a89b1a8_17086690ec6_-6c43;910401;91001;Wien-Favoriten;Volksschule Campus Hauptbahnhof;Hlawkagasse 2;1100;Wien;öffentl.;13;VS;17;395;201;194;Hlawkagasse 2, 1100 Wien;48,1787248;16,3828916
Feature;ATLAS_SCHULE.fid--a89b1a8_17086690ec6_-6c42;910131;91001;Wien-Favoriten;Volksschule;Knöllgasse 59;1100;Wien;öffentl.;13;VS;17;399;191;208;Knöllgasse 59, 1100 Wien;48,1710385;16,3522054
Feature;ATLAS_SCHULE.fid--a89b1a8_17086690ec6_-6c41;910031;91001;Wien-Favoriten;Volksschule;Quellenstraße 142;1100;Wien;öffentl.;13;VS;23;481;257;224;Quellenstraße 142, 1100 Wien;48,1765648;16,3623672
Feature;ATLAS_SCHULE.fid--a89b1a8_17086690ec6_-6c40;910151;91001;Wien-Favoriten;Volksschule;Laimäckergasse 17;1100;Wien;öffentl.;13;VS;23;505;260;245;Laimäckergasse 17, 1100 Wien;48,1713322;16,3865277
Feature;ATLAS_SCHULE.fid--a89b1a8_17086690ec6_-6c3f;910231;91001;Wien-Favoriten;Private Volksschule des Institutes Neulandschulen;Alxingergasse 8;1101;Wien;privat;21;VS;12;253;127;126;Alxingergasse 8, 1101 Wien;48,1805638;16,3682667
Feature;ATLAS_SCHULE.fid--a89b1a8_17086690ec6_-6c3e;910261;91001;Wien-Favoriten;Private Volksschule Waldkloster der Schulstiftung der Erzdiözese Wien;Quellenstraße 87;1100;Wien;privat;21;VS;12;258;126;132;Quellenstraße 87, 1100 Wien;48,1749673;16,3818209
Feature;ATLAS_SCHULE.fid--a89b1a8_17086690ec6_-6c3d;910241;91001;Wien-Favoriten;Volksschule des Institutes Neulandschulen;Ludwig-von-Höhnel-Gasse 17-19;1100;Wien;privat;21;VS;18;434;212;222;Ludwig-von-Höhnel-Gasse 17-19, 1100 Wien;48,1590500;16,3883311
Feature;ATLAS_SCHULE.fid--a89b1a8_17086690ec6_-6c3c;910391;91001;Wien-Favoriten;Private Volksschule des Vereins PHÖNIX - Verein für Kultur, Bildung und Sport;Gudrunstraße 11;1100;Wien;privat;62;VS; 4; 50; 28; 22;Gudrunstraße 11, 1100 Wien;48,1747939;16,3946643
Feature;ATLAS_SCHULE.fid--a89b1a8_17086690ec6_-6c3b;909051;90901;Wien-Alsergrund;Volksschule;Währinger Straße 43;1090;Wien;öffentl.;13;VS; 8;181; 86; 95;Währinger Straße 43, 1090 Wien;48,2211325;16,3547415
Feature;ATLAS_SCHULE.fid--a89b1a8_17086690ec6_-6c3a;909011;90901;Wien-Alsergrund;Volksschule;Galileigasse 5;1090;Wien;öffentl.;13;VS; 9;178; 97; 81;Galileigasse 5, 1090 Wien;48,2258971;16,3540430
Feature;ATLAS_SCHULE.fid--a89b1a8_17086690ec6_-6c39;909021;90901;Wien-Alsergrund;Volksschule;Gilgegasse 12;1090;Wien;öffentl.;13;VS; 9;182; 99; 83;Gilgegasse 12, 1090 Wien;48,2169598;16,3462597
Feature;ATLAS_SCHULE.fid--a89b1a8_17086690ec6_-6c38;909041;90901;Wien-Alsergrund;Volksschule;Marktgasse 31-35;1090;Wien;öffentl.;13;VS; 9;205; 97;108;Marktgasse 31-35, 1090 Wien;48,2275974;16,3573812
Feature;ATLAS_SCHULE.fid--a89b1a8_17086690ec6_-6c37;909031;90901;Wien-Alsergrund;Volksschule;Grünentorgasse 9;1090;Wien;öffentl.;13;VS;10;198;111; 87;Grünentorgasse 9, 1090 Wien;48,2212459;16,3621159
Feature;ATLAS_SCHULE.fid--a89b1a8_17086690ec6_-6c36;908011;90801;Wien-Josefstadt;Volksschule;Lange Gasse 36;1080;Wien;öffentl.;13;VS; 8;155; 93; 62;Lange Gasse 36, 1080 Wien;48,2102456;16,3520400
Feature;ATLAS_SCHULE.fid--a89b1a8_17086690ec6_-6c35;908031;90801;Wien-Josefstadt;Volksschule;Zeltgasse 7;1080;Wien;öffentl.;13;VS; 8;193;107; 86;Zeltgasse 7, 1080 Wien;48,2079047;16,3499886
Feature;ATLAS_SCHULE.fid--a89b1a8_17086690ec6_-6c34;908021;90801;Wien-Josefstadt;Volksschule;Pfeilgasse 42b;1080;Wien;öffentl.;13;VS;11;209;100;109;Pfeilgasse 42b, 1080 Wien;48,2095209;16,3409615
Feature;ATLAS_SCHULE.fid--a89b1a8_17086690ec6_-6c33;908041;90801;Wien-Josefstadt;Volksschule der P.P. Piaristen;Piaristengasse 43;1080;Wien;privat;21;VS;12;296;148;148;Piaristengasse 43, 1080 Wien;48,2102314;16,3502362
Feature;ATLAS_SCHULE.fid--a89b1a8_17086690ec6_-6c32;907011;90701;Wien-Neubau;Volksschule;Neustiftgasse 98-102;1070;Wien;öffentl.;13;VS;10;210;103;107;Neustiftgasse 98-102, 1070 Wien;48,2060087;16,3416643
Feature;ATLAS_SCHULE.fid--a89b1a8_17086690ec6_-6c31;907021;90701;Wien-Neubau;Volksschule;Stiftgasse 35;1070;Wien;öffentl.;13;VS;11;238;112;126;Stiftgasse 35, 1070 Wien;48,2038540;16,3538854
Feature;ATLAS_SCHULE.fid--a89b1a8_17086690ec6_-6c30;907031;90701;Wien-Neubau;Volksschule;Zieglergasse 21;1070;Wien;öffentl.;13;VS;15;321;171;150;Zieglergasse 21, 1070 Wien;48,1998442;16,3446163
Feature;ATLAS_SCHULE.fid--a89b1a8_17086690ec6_-6c2f;907041;90701;Wien-Neubau;Private Volksschule Notre Dame de Sion der Schulstiftung der Erzdiözese Wien;Burggasse 37;1070;Wien;privat;21;VS;13;320;154;166;Burggasse 37, 1070 Wien;48,2040706;16,3522254
Feature;ATLAS_SCHULE.fid--a89b1a8_17086690ec6_-6c2e;907051;90701;Wien-Neubau;Volksschule Mater Salvatoris der Töchter des Göttlichen Heilandes;Kenyongasse 4-8;1070;Wien;privat;21;VS;17;373;189;184;Kenyongasse 4-8, 1070 Wien;48,1995075;16,3408049
Feature;ATLAS_SCHULE.fid--a89b1a8_17086690ec6_-6c2d;906021;90601;Wien-Mariahilf;Volksschule;Corneliusgasse 6;1060;Wien;öffentl.;13;VS;11;247;133;114;Corneliusgasse 6, 1060 Wien;48,1958109;16,3525503
Feature;ATLAS_SCHULE.fid--a89b1a8_17086690ec6_-6c2c;906041;90601;Wien-Mariahilf;Volksschule;Sonnenuhrgasse 3;1060;Wien;öffentl.;13;VS;12;262;124;138;Sonnenuhrgasse 3, 1060 Wien;48,1913746;16,3433088
Feature;ATLAS_SCHULE.fid--a89b1a8_17086690ec6_-6c2b;906061;90601;Wien-Mariahilf;Private Volksschule St. Marein des Vereins Vereinigung von Ordensschulen Österreichs;Liniengasse 21;1060;Wien;privat;21;VS;12;290;153;137;Liniengasse 21, 1060 Wien;48,1923509;16,3448615
Feature;ATLAS_SCHULE.fid--a89b1a8_17086690ec6_-6c2a;906051;90601;Wien-Mariahilf;Private Evangelische Volksschule;Lutherplatz 1;1060;Wien;privat;22;VS; 8;180;102; 78;Lutherplatz 1, 1060 Wien;48,1905716;16,3440970
Feature;ATLAS_SCHULE.fid--a89b1a8_17086690ec6_-6c29;905061;90501;Wien-Margareten;Volksschule;Am Hundsturm 18;1050;Wien;öffentl.;13;VS;10;207;109; 98;Am Hundsturm 18, 1050 Wien;48,1869395;16,3469224
Feature;ATLAS_SCHULE.fid--a89b1a8_17086690ec6_-6c28;905041;90501;Wien-Margareten;Volksschule;Stolberggasse 53;1050;Wien;öffentl.;13;VS;10;232;115;117;Stolberggasse 53, 1050 Wien;48,1841105;16,3565285
Feature;ATLAS_SCHULE.fid--a89b1a8_17086690ec6_-6c27;905011;90501;Wien-Margareten;Volksschule;Einsiedlergasse 7;1050;Wien;öffentl.;13;VS;11;216;113;103;Einsiedlergasse 7, 1050 Wien;48,1826744;16,3512889
Feature;ATLAS_SCHULE.fid--a89b1a8_17086690ec6_-6c26;905021;90501;Wien-Margareten;Volksschule;Gassergasse 46;1050;Wien;öffentl.;13;VS;11;240;124;116;Gassergasse 46, 1050 Wien;48,1826099;16,3610526
Feature;ATLAS_SCHULE.fid--a89b1a8_17086690ec6_-6c25;905031;90501;Wien-Margareten;Volksschule;Pannaschgasse 6;1050;Wien;öffentl.;13;VS;14;297;156;141;Pannaschgasse 6, 1050 Wien;48,1885759;16,3548919
Feature;ATLAS_SCHULE.fid--a89b1a8_17086690ec6_-6c24;904011;90401;Wien-Wieden;Volksschule St. Elisabeth-Platz;Sankt-Elisabeth-Platz 8;1040;Wien;öffentl.;13;VS;10;236;119;117;Sankt-Elisabeth-Platz 8, 1040 Wien;48,1903653;16,3749181
Feature;ATLAS_SCHULE.fid--a89b1a8_17086690ec6_-6c23;904031;90401;Wien-Wieden;Volksschule;Waltergasse 16;1040;Wien;öffentl.;13;VS;14;295;141;154;Waltergasse 16, 1040 Wien;48,1910269;16,3685355
Feature;ATLAS_SCHULE.fid--a89b1a8_17086690ec6_-6c22;904021;90401;Wien-Wieden;Volksschule;Phorusgasse 4;1040;Wien;öffentl.;13;VS;15;328;170;158;Phorusgasse 4, 1040 Wien;48,1896394;16,3641267
Feature;ATLAS_SCHULE.fid--a89b1a8_17086690ec6_-6c21;904071;90401;Wien-Wieden;Volksschule der P.P. Piaristen;Wiedner Hauptstraße 82;1040;Wien;privat;21;VS; 8;202; 86;116;Wiedner Hauptstraße 82, 1040 Wien;48,1886990;16,3645812
Feature;ATLAS_SCHULE.fid--a89b1a8_17086690ec6_-6c20;904051;90401;Wien-Wieden;Evangelische Volksschule am Karlsplatz der Evangelischen Schulgemeinde Wien;Karlsplatz 14;1040;Wien;privat;22;VS;12;297;137;160;Karlsplatz 14, 1040 Wien;48,1993381;16,3686361
Feature;ATLAS_SCHULE.fid--a89b1a8_17086690ec6_-6c1f;904081;90401;Wien-Wieden;Volksschule im Theresianum - V.i.T. - der Stiftung Theresianische Akademie Wien;Favoritenstraße 15;1040;Wien;privat;61;VS; 8;216;117; 99;Favoritenstraße 15, 1040 Wien;48,1929538;16,3714108
Feature;ATLAS_SCHULE.fid--a89b1a8_17086690ec6_-6c1e;903021;90301;Wien-Landstraße;Volksschule;Erdbergstraße 76;1030;Wien;öffentl.;13;VS;10;238;131;107;Erdbergstraße 76, 1030 Wien;48,1990088;16,3992246
Feature;ATLAS_SCHULE.fid--a89b1a8_17086690ec6_-6c1d;903011;90301;Wien-Landstraße;Volksschule;Dietrichgasse 36;1030;Wien;öffentl.;13;VS;11;252;134;118;Dietrichgasse 36, 1030 Wien;48,1983159;16,4052670
Feature;ATLAS_SCHULE.fid--a89b1a8_17086690ec6_-6c1c;903081;90301;Wien-Landstraße;Volksschule;Petrusgasse 10;1030;Wien;öffentl.;13;VS;13;302;167;135;Petrusgasse 10, 1030 Wien;48,1938325;16,3997936
Feature;ATLAS_SCHULE.fid--a89b1a8_17086690ec6_-6c1b;903031;90301;Wien-Landstraße;Volksschule;Eslarngasse 23;1030;Wien;öffentl.;13;VS;13;311;159;152;Eslarngasse 23, 1030 Wien;48,1938769;16,3929552
Feature;ATLAS_SCHULE.fid--a89b1a8_17086690ec6_-6c1a;903041;90301;Wien-Landstraße;Volksschule;Kleistgasse 12;1030;Wien;öffentl.;13;VS;14;281;145;136;Kleistgasse 12, 1030 Wien;48,1913026;16,3894735
Feature;ATLAS_SCHULE.fid--a89b1a8_17086690ec6_-6c19;903061;90301;Wien-Landstraße;Volksschule;Kolonitzgasse 15;1030;Wien;öffentl.;13;VS;14;304;160;144;Kolonitzgasse 15, 1030 Wien;48,2100138;16,3900040
Feature;ATLAS_SCHULE.fid--a89b1a8_17086690ec6_-6c18;903091;90301;Wien-Landstraße;Volksschule;Reisnerstraße 43;1030;Wien;öffentl.;13;VS;16;378;203;175;Reisnerstraße 43, 1030 Wien;48,1980715;16,3840100
Feature;ATLAS_SCHULE.fid--a89b1a8_17086690ec6_-6c17;903141;90301;Wien-Landstraße;Volksschule;Landstraßer Hauptstraße 146;1030;Wien;öffentl.;13;VS;17;331;201;130;Landstraßer Hauptstraße 146, 1030 Wien;48,1919646;16,3988674
Feature;ATLAS_SCHULE.fid--a89b1a8_17086690ec6_-6c16;903111;90301;Wien-Landstraße;Volksschule St. Franziskus des Schulvereines der Schulschwestern vom III. Orden des hl. Franziskus;Apostelgasse 5;1030;Wien;privat;21;VS; 8;191; 91;100;Apostelgasse 5, 1030 Wien;48,1999294;16,3977262
Feature;ATLAS_SCHULE.fid--a89b1a8_17086690ec6_-6c15;903131;90301;Wien-Landstraße;Volksschule des Schulvereines Komensky;Sebastianplatz 3;1030;Wien;privat;62;VS; 8;176; 87; 89;Sebastianplatz 3, 1030 Wien;48,1998465;16,3892438
Feature;ATLAS_SCHULE.fid--a89b1a8_17086690ec6_-6c14;902021;90201;Wien-Leopoldstadt;Volksschule;Czerninplatz 3;1020;Wien;öffentl.;13;VS; 8;154; 77; 77;Czerninplatz 3, 1020 Wien;48,2149026;16,3876769
Feature;ATLAS_SCHULE.fid--a89b1a8_17086690ec6_-6c13;902031;90201;Wien-Leopoldstadt;Volksschule;Darwingasse 14;1020;Wien;öffentl.;13;VS; 9;195;114; 81;Darwingasse 14, 1020 Wien;48,2221631;16,3848147
Feature;ATLAS_SCHULE.fid--a89b1a8_17086690ec6_-6c12;902241;90201;Wien-Leopoldstadt;Volksschule 2, Wehlistraße;Wehlistraße 178;1020;Wien;öffentl.;13;VS; 9;180; 95; 85;Wehlistraße 178, 1020 Wien;48,2231059;16,4063758
Feature;ATLAS_SCHULE.fid--a89b1a8_17086690ec6_-6c11;902111;90201;Wien-Leopoldstadt;Volksschule;Wittelsbachstraße 6;1020;Wien;öffentl.;13;VS;10;215;103;112;Wittelsbachstraße 6, 1020 Wien;48,2058557;16,3998515
Feature;ATLAS_SCHULE.fid--a89b1a8_17086690ec6_-6c10;902091;90201;Wien-Leopoldstadt;Volksschule;Vereinsgasse 29;1020;Wien;öffentl.;13;VS;10;236;116;120;Vereinsgasse 29, 1020 Wien;48,2240700;16,3847968
Feature;ATLAS_SCHULE.fid--a89b1a8_17086690ec6_-6c0f;902081;90201;Wien-Leopoldstadt;Volksschule;Schönngasse 2;1020;Wien;öffentl.;13;VS;11;231;124;107;Schönngasse 2, 1020 Wien;48,2205238;16,4049726
Feature;ATLAS_SCHULE.fid--a89b1a8_17086690ec6_-6c0e;902051;90201;Wien-Leopoldstadt;Volksschule;Kleine Sperlgasse 2a;1020;Wien;öffentl.;13;VS;11;240;131;109;Kleine Sperlgasse 2a, 1020 Wien;48,2155407;16,3773783
Feature;ATLAS_SCHULE.fid--a89b1a8_17086690ec6_-6c0d;902101;90201;Wien-Leopoldstadt;Volksschule;Vorgartenstraße 191;1020;Wien;öffentl.;13;VS;12;264;134;130;Vorgartenstraße 191, 1020 Wien;48,2235320;16,4028950
Feature;ATLAS_SCHULE.fid--a89b1a8_17086690ec6_-6c0c;902011;90201;Wien-Leopoldstadt;Volksschule;Aspernallee 5;1020;Wien;öffentl.;13;VS;14;318;175;143;Aspernallee 5, 1020 Wien;48,1964153;16,4433338
Feature;ATLAS_SCHULE.fid--a89b1a8_17086690ec6_-6c0b;902121;90201;Wien-Leopoldstadt;Volksschule;Wolfgang-Schmälzl-Gasse 13;1020;Wien;öffentl.;13;VS;14;306;162;144;Wolfgang-Schmälzl-Gasse 13, 1020 Wien;48,2202157;16,3989817
Feature;ATLAS_SCHULE.fid--a89b1a8_17086690ec6_-6c0a;902141;90201;Wien-Leopoldstadt;Volksschule 2;Vorgartenstraße 208;1020;Wien;öffentl.;13;VS;16;309;153;156;Vorgartenstraße 208, 1020 Wien;48,2122119;16,4175064
Feature;ATLAS_SCHULE.fid--a89b1a8_17086690ec6_-6c09;902071;90201;Wien-Leopoldstadt;Volksschule;Novaragasse 30;1020;Wien;öffentl.;13;VS;16;350;189;161;Novaragasse 30, 1020 Wien;48,2186668;16,3853998
Feature;ATLAS_SCHULE.fid--a89b1a8_17086690ec6_-6c08;902151;90201;Wien-Leopoldstadt;Volksschule;Ernst-Melchior-Gasse 9;1020;Wien;öffentl.;13;VS;17;369;202;167;Ernst-Melchior-Gasse 9, 1020 Wien;48,2252698;16,3957616
Feature;ATLAS_SCHULE.fid--a89b1a8_17086690ec6_-6c07;902261;90201;Wien-Leopoldstadt;Privatschule Volksschule des Vereins Verein zum Betrieb von katholischen Privatschulen - Stella International School;Lasallestraße 7a/Unit 4/Top 2;1020;Wien;privat;21;VS; 1; 15;  8;  7;Lasallestraße 7a/Unit 4/Top 2, 1020 Wien;48,2223248;16,3976007
Feature;ATLAS_SCHULE.fid--a89b1a8_17086690ec6_-6c06;902131;90201;Wien-Leopoldstadt;Volksschule Sankt Elisabeth des Schulvereines der Schulschwestern vom III.Orden des hl. Franziskus;Leopoldsgasse 1a;1020;Wien;privat;21;VS; 8;180; 93; 87;Leopoldsgasse 1a, 1020 Wien;48,2214883;16,3745793
Feature;ATLAS_SCHULE.fid--a89b1a8_17086690ec6_-6c05;902211;90201;Wien-Leopoldstadt;Evangelische Volksschule Wien-Leopoldstadt des Verbandes der schulerhaltenden Wiener evangelischen Pfarrgemeinden A.B. (Schulgemeinde);Nepomukgasse 2;1020;Wien;privat;22;VS; 8;180; 81; 99;Nepomukgasse 2, 1020 Wien;48,2162251;16,3856788
Feature;ATLAS_SCHULE.fid--a89b1a8_17086690ec6_-6c04;902231;90201;Wien-Leopoldstadt;Private Volksschule für Mädchen des Israelitischen Tempel- und Schulvereins Machsike-Hadass;Große Stadtgutgasse 24;1020;Wien;privat;23;VS; 4; 47;  0; 47;Große Stadtgutgasse 24, 1020 Wien;48,2198814;16,3841238
Feature;ATLAS_SCHULE.fid--a89b1a8_17086690ec6_-6c03;902201;90201;Wien-Leopoldstadt;Private Volksschule Lauder Chabad;Rabbiner-Schneerson-Platz 1;1020;Wien;privat;23;VS; 8;131; 77; 54;Rabbiner-Schneerson-Platz 1, 1020 Wien;48,2284430;16,3794270
Feature;ATLAS_SCHULE.fid--a89b1a8_17086690ec6_-6c02;902181;90201;Wien-Leopoldstadt;Volksschule Zwi Perez Chajes des Vereins zur Erhaltung der Zwi Perez Chajes Schule der Israelitischen Kultusgemeinde Wien;Simon Wiesenthal-Gasse 3;1020;Wien;privat;23;VS; 8;124; 62; 62;Simon Wiesenthal-Gasse 3, 1020 Wien;48,2064411;16,4292541
Feature;ATLAS_SCHULE.fid--a89b1a8_17086690ec6_-6c01;902161;90201;Wien-Leopoldstadt;Private Volksschule des Vereins Machsike Hadass;Malzgasse 16;1020;Wien;privat;62;VS; 5; 55; 55;  0;Malzgasse 16, 1020 Wien;48,2204789;16,3768629
Feature;ATLAS_SCHULE.fid--a89b1a8_17086690ec6_-6c00;902171;90201;Wien-Leopoldstadt;Private Volksschule des Vereines Wiener Sängerknaben Augartenpalais;Obere Augartenstraße 1c,Augartenpalais;1020;Wien;privat;62;VS; 5; 98; 64; 34;Obere Augartenstraße 1c,Augartenpalais, 1020 Wien;48,2210933;16,3784800
Feature;ATLAS_SCHULE.fid--a89b1a8_17086690ec6_-6bff;901011;90101;Wien-Innere Stadt;Volksschule;Börsegasse 5;1010;Wien;öffentl.;13;VS; 8;186; 88; 98;Börsegasse 5, 1010 Wien;48,2135351;16,3686268
Feature;ATLAS_SCHULE.fid--a89b1a8_17086690ec6_-6bfe;901021;90101;Wien-Innere Stadt;Volksschule;Stubenbastei 3;1010;Wien;öffentl.;13;VS;12;277;145;132;Stubenbastei 3, 1010 Wien;48,2071269;16,3787884
Feature;ATLAS_SCHULE.fid--a89b1a8_17086690ec6_-6bfd;901031;90101;Wien-Innere Stadt;Private Volksschule der Schulstiftung der Erzdiözese Wien;Judenplatz 6;1010;Wien;privat;21;VS;10;245;120;125;Judenplatz 6, 1010 Wien;48,2115609;16,3692501
