doc_name;doc_name_eng;seq_page_links;period;HoR_draft_law_number_date;HoR_draft_law_number;HoR_draft_law_date;HoR_tabler;HoR_status;HoR_order_number_session_date_agenda_item;BiH_Parl_final_status;HoP_draft_law_number_date;HoP_draft_law_number;HoP_draft_law_date;HoP_tabler;HoP_status;HoP_order_number_session_date_agenda_item;ended_tabler_session;law_id;HoP_order_number;HoP_session_date;HoP_agenda_item;HoR_order_number;HoR_session_date;HoR_agenda_item
Prijedlog zakona o izmjenama i dopunama Zakona o akcizama u Bosni i Hercegovini;Proposal of Law on Amendments to the Law on Excise Duties in Bosnia and Herzegovina;http://parlament.ba/olaw/OLawDetails?lawId=61794;VII. (2014. - 2018.);01-02-1-1453/18, od 18.6.2018.;01-02-1-1453/18;2018-06-18;Mladen Bosic, Aleksandra Pandurevic, Nenad Lalic, Momcilo Novakovic;rejected;63.,   5.7.2018.,  26.7.2018. Ad. 2.;rejected;NA;NA;NA;NA;missing;NA;NA;61794;NA;"NA";NA;63;"5.7.2018; 26.7.2018";Ad. 2
Prijedlog zakona o izmjenama Zakona o Javnom radiotelevizijskom servisu Bosne i Hercegovine;Proposal of Law on Amendments to the Law on Public Broadcasting Service of Bosnia and Herzegovina;http://parlament.ba/olaw/OLawDetails?lawId=61566;VII. (2014. - 2018.);01-02-1-1292/18, od 28.5.2018.;01-02-1-1292/18;2018-05-28;Mladen Bosic, Aleksandra Pandurevic, Nenad Lalic, Momcilo Novakovic;procedure;66.,   3.9.2018. Ad. 6.;procedure - not started;NA;NA;NA;NA;missing;NA;NA;61566;NA;"NA";NA;66;3.9.2018;Ad. 6
Prijedlog zakona o izmjenama Zakona o Javnom radiotelevizijskom sistemu Bosne i Hercegovine;Proposal of Law on Amendments to the Law on Public Broadcasting System of Bosnia and Herzegovina;http://parlament.ba/olaw/OLawDetails?lawId=61565;VII. (2014. - 2018.);01-02-1-1291/18, od 28.5.2018.;01-02-1-1291/18;2018-05-28;Mladen Bosic, Aleksandra Pandurevic, Nenad Lalic, Momcilo Novakovic;procedure;66.,   3.9.2018. Ad. 5.;procedure - not started;NA;NA;NA;NA;missing;NA;NA;61565;NA;"NA";NA;66;3.9.2018;Ad. 5
Prijedlog zakona o izmjeni i dopuni Zakona o zastavi Bosne i Hercegovine;Proposal of the Law on Amendment to the Law on the Flag of Bosnia and Herzegovina;http://parlament.ba/olaw/OLawDetails?lawId=61443;VII. (2014. - 2018.);01-02-1-1206/18, od 16.5.2018.;01-02-1-1206/18;2018-05-16;Sasa Magazinovic;procedure;NA;procedure - not started;NA;NA;NA;NA;missing;NA;NA;61443;NA;"NA";NA;NA;"NA";NA
Prijedlog zakona o izmjeni Zakona o akcizama u Bosni i Hercegovini;Proposal of Law on Amendments to the Law on Excise Duties in Bosnia and Herzegovina;http://parlament.ba/olaw/OLawDetails?lawId=61425;VII. (2014. - 2018.);01-02-1-1192/18, od 15.5.2018.;01-02-1-1192/18;2018-05-15;Senad Sepic, Salko Sokolovic, Sadik Ahmetovic;procedure;66.,   3.9.2018. Ad. 4.;procedure - not started;NA;NA;NA;NA;missing;NA;NA;61425;NA;"NA";NA;66;3.9.2018;Ad. 4
Prijedlog zakona o dopuni Zakona o placama i naknadama u institucijama Bosne i Hercegovine;Proposal of Law on Amendments to the Law on Salaries and Remuneration in the Institutions of Bosnia and Herzegovina;http://parlament.ba/olaw/OLawDetails?lawId=61422;VII. (2014. - 2018.);01-02-1-1189/18, od 15.5.2018.;01-02-1-1189/18;2018-05-15;Maja Gasal - Vrazalica;procedure;68.,   3.9.2018. Ad. 3.;procedure - not started;NA;NA;NA;NA;missing;NA;NA;61422;NA;"NA";NA;68;3.9.2018;Ad. 3
Prijedlog zakona o dopunama Zakona o zastavi Bosne i Hercegovine;Proposal of Law on Amendments to the Law on Flag of Bosnia and Herzegovina;http://parlament.ba/olaw/OLawDetails?lawId=61404;VII. (2014. - 2018.);01-02-1-1177/18, od 14.5.2018.;01-02-1-1177/18;2018-05-14;Sasa Magazinovic;withdrawn;NA;withdrawn;NA;NA;NA;NA;missing;NA;NA;61404;NA;"NA";NA;NA;"NA";NA
Prijedlog zakona o izmjenama i dopunama Zakona o krivicnom postupku Bosne i Hercegovine;Proposal of Law on Amendments to the Criminal Procedure Code of Bosnia and Herzegovina;http://parlament.ba/olaw/OLawDetails?lawId=61221;VII. (2014. - 2018.);01-02-1-1028/18, od 12.9.2018.;01-02-1-1028/18;2018-09-12;Dom naroda;adopted;11.,   17.9.2018. Ad. 1.;submitted and published;02-02-1-1028/18, od 20.4.2018.;02-02-1-1028/18;2018-04-20;Halid Genjac;adopted;42.,   11.9.2018. Ad. 3.;NA;61221;42;11.9.2018;Ad. 3;11;17.9.2018;Ad. 1
Prijedlog zakona o izmjenama Zakona o krivicnom postupku Bosne i Hercegovine;Proposal of Law on Amendments to the Criminal Procedure Code of Bosnia and Herzegovina;http://parlament.ba/olaw/OLawDetails?lawId=60882;VII. (2014. - 2018.);NA;NA;NA;NA;missing;NA;withdrawn;02-02-1-794/18, od 21.3.2018.;02-02-1-794/18;2018-03-21;Ljilja Zovko, Zdenka Dzambas, Barisa Colak, Mario Karamatic;withdrawn;NA;NA;60882;NA;"NA";NA;NA;"NA";NA
Prijedlog zakona o izmjenama Zakona o krivicnom postupku Bosne i Hercegovine;Proposal of Law on Amendments to the Criminal Procedure Code of Bosnia and Herzegovina;http://parlament.ba/olaw/OLawDetails?lawId=60881;VII. (2014. - 2018.);01-02-1-791/18, od 21.3.2018.;01-02-1-791/18;2018-03-21;Nikola Lovrinovic;rejected;61.,   17.5.2018. Ad. 20.;rejected;NA;NA;NA;NA;missing;NA;NA;60881;NA;"NA";NA;61;17.5.2018;Ad. 20
Prijedlog zakona o dopunama Okvirnog zakona o visokom obrazovanju u Bosni i Hercegovini;Proposal for a Law on Amendments to the Framework Law on Higher Education in Bosnia and Herzegovina;http://parlament.ba/olaw/OLawDetails?lawId=60835;VII. (2014. - 2018.);01-02-1-762/18, od 16.3.2018.;01-02-1-762/18;2018-03-16;Mirsad Donlagic;rejected;62.,   30.5.2018.,  20.6.2018.,  5.7.2018. Ad. 6.;rejected;NA;NA;NA;NA;missing;NA;NA;60835;NA;"NA";NA;62;"30.5.2018; 20.6.2018; 5.7.2018";Ad. 6
Prijedlog zakona o izmjenama i dopuni Zakona o krivicnom postupku Bosne i Hercegovine;Proposal of Law on Amendments to the Criminal Procedure Code of Bosnia and Herzegovina;http://parlament.ba/olaw/OLawDetails?lawId=60703;VII. (2014. - 2018.);01-02-1-668/18, od 5.3.2018.;01-02-1-668/18;2018-03-05;Amir Fazlic;adopted;60.,   18.4.2018. Ad. 3.;rejected;02-02-1-668/18, od 10.7.2018.;02-02-1-668/18;2018-07-10;Predstavnicki dom;rejected;42.,   11.9.2018. Ad. 4.;NA;60703;42;11.9.2018;Ad. 4;60;18.4.2018;Ad. 3
Prijedlog zakona o dopunama Zakona o sportu u Bosni i Hercegovini;Proposal of Law on Amendments to the Law on Sport in Bosnia and Herzegovina;http://parlament.ba/olaw/OLawDetails?lawId=60675;VII. (2014. - 2018.);01-02-1-647/18, od 2.3.2018.;01-02-1-647/18;2018-03-02;Mirsad Donlagic;legislative process suspended;60.,   18.4.2018. Ad. 7.;legislative process suspended;NA;NA;NA;NA;missing;NA;NA;60675;NA;"NA";NA;60;18.4.2018;Ad. 7
Prijedlog zakona o izmjenama i dopunama Izbornog zakona Bosne i Hercegovine;Proposal of the Law on Amendments to the Election Law of Bosnia and Herzegovina;http://parlament.ba/olaw/OLawDetails?lawId=60646;VII. (2014. - 2018.);01-02-1-629/18, od 28.2.2018.;01-02-1-629/18;2018-02-28;Denis Becirovic, Sasa Magazinovic, Mirsad Mesic, Damir Becirovic, Damir Arnaut, Mirsad Donlagic, Fehim Skaljic;adopted;58.,   7.3.2018. Ad. 3.;rejected;02-02-1-629/18, od 12.3.2018.;02-02-1-629/18;2018-03-12;Predstavnicki dom;rejected;40.,   5.6.2018. Ad. 7.;NA;60646;40;5.6.2018;Ad. 7;58;7.3.2018;Ad. 3
Prijedlog zakona o dopunama Zakona o prekrsajima;Proposal for a Law on Amendments to the Misdemeanors Act;http://parlament.ba/olaw/OLawDetails?lawId=60513;VII. (2014. - 2018.);01,02-02-1-531/18, od 19.2.2018.;01-02-02-1-531/18;2018-02-19;Vijece ministara BiH;rejected;60.,   18.4.2018. Ad. 5.;rejected;01,02-02-1-531/18, od 19.2.2018.;01-02-02-1-531/18;2018-02-19;Vijece ministara BiH;legislative process suspended;NA;130.. sjednica, odrzana 18.1.2018.;60513;NA;"NA";NA;60;18.4.2018;Ad. 5
Prijedlog zakona o izmjenama Izbornog zakona Bosne i Hercegovine;Proposal of Law on Amendments to the Election Law of Bosnia and Herzegovina;http://parlament.ba/olaw/OLawDetails?lawId=60484;VII. (2014. - 2018.);01-02-1-507/18, od 15.2.2018.;01-02-1-507/18;2018-02-15;Denis Becirovic, Sasa Magazinovic, Mirsad Mesic;rejected;58.,   7.3.2018. Ad. 9.;rejected;NA;NA;NA;NA;missing;NA;NA;60484;NA;"NA";NA;58;7.3.2018;Ad. 9
Prijedlog zakona o dopuni Krivicnog zakona Bosne i Hercegovine;Proposal of Law on Amendment of the Criminal Code of Bosnia and Herzegovina;http://parlament.ba/olaw/OLawDetails?lawId=60468;VII. (2014. - 2018.);01-02-1-494/18, od 14.2.2018.;01-02-1-494/18;2018-02-14;Sasa Magazinovic;rejected;58.,   7.3.2018. Ad. 8.;rejected;NA;NA;NA;NA;missing;NA;NA;60468;NA;"NA";NA;58;7.3.2018;Ad. 8
Prijedlog zakona o izmjenama i dopunama Zakona o sluzbi u Oruzanim snagama Bosne i Hercegovine;Proposal of Law on Amendments to the Law on Service in the Armed Forces of Bosnia and Herzegovina;http://parlament.ba/olaw/OLawDetails?lawId=60444;VII. (2014. - 2018.);01,02-02-1-476/18, od 13.2.2018.;01-02-02-1-476/18;2018-02-13;Vijece ministara BiH;adopted;61.,   17.5.2018. Ad. 6.;submitted and published;01,02-02-1-476/18, od 13.2.2018.;01-02-02-1-476/18;2018-02-13;Vijece ministara BiH;adopted;40.,   5.6.2018. Ad. 3.;124. sjednica, odrzana 12.12.2017.;60444;40;5.6.2018;Ad. 3;61;17.5.2018;Ad. 6
Prijedlog zakona o dopuni Zakona o polaganju pravosudnog ispita u Bosni i Hercegovini;Proposal of Law on Amendments to the Law on Bar Examination in Bosnia and Herzegovina;http://parlament.ba/olaw/OLawDetails?lawId=59734;VII. (2014. - 2018.);01-02-1-2950/17, od 22.12.2017.;01-02-1-2950/17;2017-12-22;Senad Sepic, Salko Sokolovic, Sadik Ahmetovic;withdrawn;NA;withdrawn;NA;NA;NA;NA;missing;NA;NA;59734;NA;"NA";NA;NA;"NA";NA
Prijedlog zakona o izmjeni Zakona o drzavnoj sluzbi u institucijama Bosne i Hercegovine;Proposal of Law on Amendments to the Law on Civil Service in the Institutions of Bosnia and Herzegovina;http://parlament.ba/olaw/OLawDetails?lawId=59655;VII. (2014. - 2018.);01-02-1-2884/17, od 14.12.2017.;01-02-1-2884/17;2017-12-14;Senad Sepic, Salko Sokolovic, Sadik Ahmetovic;rejected;57.,   20.2.2018. Ad. 9.;rejected;NA;NA;NA;NA;missing;NA;NA;59655;NA;"NA";NA;57;20.2.2018;Ad. 9
Prijedlog zakona o Budzetu institucija Bosne i Hercegovine i medunarodnih obaveza Bosne i Hercegovine za 2018. godinu;Proposal of the Law on the Budget of the Institutions of Bosnia and Herzegovina and the International Obligations of Bosnia and Herzegovina for 2018;http://parlament.ba/olaw/OLawDetails?lawId=59652;VII. (2014. - 2018.);01,02-02-1-2882/17, od 14.12.2017.;01-02-02-1-2882/17;2017-12-14;Predsjednistvo BiH;adopted;55.,   21.12.2017.,  17.1.2018.,  31.1.2018. Ad. 3.;submitted and published;01,02-02-1-2882/17, od 14.12.2017.;01-02-02-1-2882/17;2017-12-14;Predsjednistvo BiH;adopted;6.,   25.1.2018. Ad. 6.;NA;59652; 6;25.1.2018;Ad. 6;55;"21.12.2017; 17.1.2018; 31.1.2018";Ad. 3
Prijedlog zakona o izmjeni Zakona o sistemu indirektnog oporezivanja u Bosni i Hercegovini;Proposal of Law on Amendments to the Law on the Indirect Taxation System in Bosnia and Herzegovina;http://parlament.ba/olaw/OLawDetails?lawId=59548;VII. (2014. - 2018.);01,02-02-1-2810/17, od 11.12.2017.;01-02-02-1-2810/17;2017-12-11;Dom naroda;adopted;54.,   14.12.2017.,  15.12.2017. Ad. 5.;submitted and published;01,02-02-1-2810/17, od 5.12.2017.;01-02-02-1-2810/17;2017-12-05;Vijece ministara BiH;adopted;34.,   7.12.2017. Ad. 7.;NA;59548;34;7.12.2017;Ad. 7;54;"14.12.2017; 15.12.2017";Ad. 5
Prijedlog zakona o izmjenama i dopuni Zakona o uplatama na Jedinstveni racun i raspodjeli prihoda;Proposal for a Law on Amendments to the Law on Payments to the Single Account and the Allocation of Revenue;http://parlament.ba/olaw/OLawDetails?lawId=59547;VII. (2014. - 2018.);01,02-02-1-2809/17, od 11.12.2017.;01-02-02-1-2809/17;2017-12-11;Dom naroda;adopted;54.,   14.12.2017.,  15.12.2017. Ad. 4.;submitted and published;01,02-02-1-2809/17, od 5.12.2017.;01-02-02-1-2809/17;2017-12-05;Vijece ministara BiH;adopted;34.,   7.12.2017. Ad. 6.;NA;59547;34;7.12.2017;Ad. 6;54;"14.12.2017; 15.12.2017";Ad. 4
Prijedlog zakona o izmjenama i dopunama Zakona o akcizama u Bosni i Hercegovini;Proposal of Law on Amendments to the Law on Excise Duties in Bosnia and Herzegovina;http://parlament.ba/olaw/OLawDetails?lawId=59546;VII. (2014. - 2018.);01,02-02-1-2808/17, od 11.12.2017.;01-02-02-1-2808/17;2017-12-11;Dom naroda;adopted;54.,   14.12.2017.,  15.12.2017. Ad. 3.;submitted and published;01,02-02-1-2808/17, od 5.12.2017.;01-02-02-1-2808/17;2017-12-05;Vijece ministara BiH;adopted;34.,   7.12.2017. Ad. 5.;122. sjednica, odrzana 24.11.2017.;59546;34;7.12.2017;Ad. 5;54;"14.12.2017; 15.12.2017";Ad. 3
Prijedlog zakona o dopunama Zakona o komunikacijama;Proposal for a Law on Amendments to the Communications Act;http://parlament.ba/olaw/OLawDetails?lawId=59478;VII. (2014. - 2018.);01,02-02-1-2759/17, od 24.11.2017.;01-02-02-1-2759/17;2017-11-24;Vijece ministara BiH;adopted;57.,   20.2.2018. Ad. 7.;legislative process suspended;01,02-02-1-2759/17, od 24.11.2017.;01-02-02-1-2759/17;2017-11-24;Vijece ministara BiH;legislative process suspended;37.,   21.3.2018.,  17.4.2018. Ad. 7.;119. sjednica, odrzana 31.10.2017.;59478;37;"21.3.2018; 17.4.2018";Ad. 7;57;20.2.2018;Ad. 7
Prijedlog zakona o osiguranju depozita u bankama Bosne i Hercegovine;Proposal of Law on Deposit Insurance in Banks of Bosnia and Herzegovina;http://parlament.ba/olaw/OLawDetails?lawId=59422;VII. (2014. - 2018.);01,02-02-1-2713/17, od 17.11.2017.;01-02-02-1-2713/17;2017-11-17;Vijece ministara BiH;withdrawn;NA;withdrawn;01,02-02-1-2713/17, od 17.11.2017.;01-02-02-1-2713/17;2017-11-17;Vijece ministara BiH;withdrawn;NA;120. sjednica, odrzana 9.11.2017.;59422;NA;"NA";NA;NA;"NA";NA
Prijedlog zakona o izmjenama i dopunama Zakona o zastiti lica koja prijavljuju korupciju u institucijama Bosne i Hercegovine;Proposal of Law on Amendments to the Law on Protection of Persons Reporting Corruption in the Institutions of Bosnia and Herzegovina;http://parlament.ba/olaw/OLawDetails?lawId=59384;VII. (2014. - 2018.);01-02-1-2687/17, od 15.11.2017.;01-02-1-2687/17;2017-11-15;Borjana Kristo, Aleksandra Pandurevic, Mirsad Isakovic;rejected;58.,   7.3.2018. Ad. 7.;rejected;02-02-1-2687/17, od 22.11.2017.;02-02-1-2687/17;2017-11-22;Darko Babalj, Halid Genjac, Barisa Colak;rejected;40.,   5.6.2018. Ad. 9.;NA;59384;40;5.6.2018;Ad. 9;58;7.3.2018;Ad. 7
Prijedlog zakona o izmjenama Izbornog zakona Bosne i Hercegovine;Proposal of Law on Amendments to the Election Law of Bosnia and Herzegovina;http://parlament.ba/olaw/OLawDetails?lawId=59383;VII. (2014. - 2018.);01-02-1-2686/17, od 15.11.2017.;01-02-1-2686/17;2017-11-15;Sefik Dzaferovic, Amir Fazlic, Semsudin Mehmedovic, Asim Sarajlic, Nermina Kapetanovic, Safer Demirovic, Hazim Rancic;rejected;55.,   21.12.2017.,  17.1.2018.,  31.1.2018. Ad. 8.;rejected;NA;NA;NA;NA;missing;NA;NA;59383;NA;"NA";NA;55;"21.12.2017; 17.1.2018; 31.1.2018";Ad. 8
Prijedlog zakona o izmjeni i dopunama Zakona o ombudsmenu za ljudska prava Bosne i Hercegovine;Proposal of Law on Amendments to the Law on Human Rights Ombudsman of Bosnia and Herzegovina;http://parlament.ba/olaw/OLawDetails?lawId=59185;VII. (2014. - 2018.);01,02-02-1-2539/17, od 26.10.2017.;01-02-02-1-2539/17;2017-10-26;Vijece ministara BiH;withdrawn;NA;withdrawn;01,02-02-1-2539/17, od 26.10.2017.;01-02-02-1-2539/17;2017-10-26;Vijece ministara BiH;withdrawn;NA;113. sjednica, odrzana 5.9.2017.;59185;NA;"NA";NA;NA;"NA";NA
Prijedlog zakona o dopunama Zakona o sportu u Bosni i Hercegovini;Proposal of Law on Amendments to the Law on Sport in Bosnia and Herzegovina;http://parlament.ba/olaw/OLawDetails?lawId=59175;VII. (2014. - 2018.);01-02-1-2529/17, od 25.10.2017.;01-02-1-2529/17;2017-10-25;Mirsad Donlagic;rejected;55.,   21.12.2017.,  17.1.2018.,  31.1.2018. Ad. 6.;rejected;NA;NA;NA;NA;missing;NA;NA;59175;NA;"NA";NA;55;"21.12.2017; 17.1.2018; 31.1.2018";Ad. 6
Prijedlog zakona o dopunama Okvirnog zakona o visokom obrazovanju u Bosni i Hercegovini;Proposal for a Law on Amendments to the Framework Law on Higher Education in Bosnia and Herzegovina;http://parlament.ba/olaw/OLawDetails?lawId=59174;VII. (2014. - 2018.);01-02-1-2528/17, od 25.10.2017.;01-02-1-2528/17;2017-10-25;Mirsad Donlagic;rejected;55.,   21.12.2017.,  17.1.2018.,  31.1.2018. Ad. 5.;rejected;NA;NA;NA;NA;missing;NA;NA;59174;NA;"NA";NA;55;"21.12.2017; 17.1.2018; 31.1.2018";Ad. 5
Prijedlog zakona o izmjenama i dopunama Izbornog zakona Bosne i Hercegovine;Proposal of the Law on Amendments to the Election Law of Bosnia and Herzegovina;http://parlament.ba/olaw/OLawDetails?lawId=59014;VII. (2014. - 2018.);01-02-1-2400/17, od 9.10.2017.;01-02-1-2400/17;2017-10-09;Senad Sepic, Salko Sokolovic, Sadik Ahmetovic;legislative process suspended;57.,   20.2.2018. Ad. 5.;legislative process suspended;NA;NA;NA;NA;missing;NA;NA;59014;NA;"NA";NA;57;20.2.2018;Ad. 5
Prijedlog zakona o izmjenama i dopunama Zakona o zrakoplovstvu Bosne i Hercegovine;Proposal of the Law on Amendments to the Law on Aviation of Bosnia and Herzegovina;http://parlament.ba/olaw/OLawDetails?lawId=59010;VII. (2014. - 2018.);01-02-1-2397/17, od 9.10.2017.;01-02-1-2397/17;2017-10-09;Aleksandra Pandurevic;adopted;56.,   31.1.2018. Ad. 5.;submitted and published;02-02-1-2397/17, od 2.2.2018.;02-02-1-2397/17;2018-02-02;Predstavnicki dom;adopted;37.,   21.3.2018.,  17.4.2018. Ad. 5.;NA;59010;37;"21.3.2018; 17.4.2018";Ad. 5;56;31.1.2018;Ad. 5
Prijedlog zakona o izmjenama Zakona o akcizama u Bosni i Hercegovini;Proposal of Law on Amendments to the Law on Excise Duties in Bosnia and Herzegovina;http://parlament.ba/olaw/OLawDetails?lawId=58915;VII. (2014. - 2018.);01-02-1-2340/17, od 29.9.2017.;01-02-1-2340/17;2017-09-29;Senad Sepic, Salko Sokolovic, Sadik Ahmetovic;rejected;55.,   21.12.2017.,  17.1.2018.,  31.1.2018. Ad. 4.;rejected;NA;NA;NA;NA;missing;NA;NA;58915;NA;"NA";NA;55;"21.12.2017; 17.1.2018; 31.1.2018";Ad. 4
Prijedlog zakona o dopunama Zakona o placama i drugim naknadama u sudskim i tuzilackim institucijama na nivou Bosne i Hercegovine;Proposal of Law on Amendments to the Law on Salaries and Other Compensation in Judicial and Prosecutorial Institutions at the Level of Bosnia and Herzegovina;http://parlament.ba/olaw/OLawDetails?lawId=58913;VII. (2014. - 2018.);01,02-02-1-2338/17, od 29.9.2017.;01-02-02-1-2338/17;2017-09-29;Vijece ministara BiH;legislative process suspended;56.,   31.1.2018. Ad. 6.;legislative process suspended;01,02-02-1-2338/17, od 29.9.2017.;01-02-02-1-2338/17;2017-09-29;Vijece ministara BiH;legislative process suspended;NA;NA;58913;NA;"NA";NA;56;31.1.2018;Ad. 6
Prijedlog zakona o izmjeni Zakona o placama i naknadama u institucijama Bosne i Hercegovine;Proposal of Law on Amendments to the Law on Salaries and Remuneration in the Institutions of Bosnia and Herzegovina;http://parlament.ba/olaw/OLawDetails?lawId=58739;VII. (2014. - 2018.);01-02-1-2209/17, od 13.9.2017.;01-02-1-2209/17;2017-09-13;Borislav Bojic;adopted;56.,   31.1.2018. Ad. 4.;submitted and published;02-02-1-2209/17, od 2.2.2018.;02-02-1-2209/17;2018-02-02;Predstavnicki dom;adopted;37.,   21.3.2018.,  17.4.2018. Ad. 4.;NA;58739;37;"21.3.2018; 17.4.2018";Ad. 4;56;31.1.2018;Ad. 4
Prijedlog zakona o dopunama Krivicnog zakona Bosne i Hercegovine;Proposal of Law on Amendments to the Criminal Code of Bosnia and Herzegovina;http://parlament.ba/olaw/OLawDetails?lawId=58301;VII. (2014. - 2018.);01-02-1-1830/17, od 25.7.2017.;01-02-1-1830/17;2017-07-25;Aleksandra Pandurevic;adopted;61.,   17.5.2018. Ad. 1.;submitted and published;02-02-1-1830/17, od 20.12.2017.;02-02-1-1830/17;2017-12-20;Predstavnicki dom;adopted;39.,   26.4.2018.,  15.5.2018. Ad. 10.;NA;58301;39;"26.4.2018; 15.5.2018";Ad. 10;61;17.5.2018;Ad. 1
Prijedlog zakona o izmjeni i dopunama  Zakona o nezavisnim i nadzornim tijelima policijske strukture Bosne i Hercegovine;Proposal of the Law on Amendments to the Law on Independent and Supervisory Bodies of the Police Structure of Bosnia and Herzegovina;http://parlament.ba/olaw/OLawDetails?lawId=58217;VII. (2014. - 2018.);01,02-02-1-1752/17, od 18.7.2017.;01-02-02-1-1752/17;2017-07-18;Vijece ministara BiH;legislative process suspended;NA;rejected;01,02-02-1-1752/17, od 18.7.2017.;01-02-02-1-1752/17;2017-07-18;Vijece ministara BiH;rejected;40.,   5.6.2018. Ad. 8.;106. sjednica, odrzana 22.6.2017.;58217;40;5.6.2018;Ad. 8;NA;"NA";NA
Prijedlog zakona o Javnom radiotelevizijskom sistemu Bosne i Hercegovine;Proposal of Law on Public Broadcasting System of Bosnia and Herzegovina;http://parlament.ba/olaw/OLawDetails?lawId=58138;VII. (2014. - 2018.);NA;NA;NA;NA;missing;NA;withdrawn;02-02-1-1692/17, od 12.7.2017.;02-02-1-1692/17;2017-07-12;Martin Raguz, Ljilja Zovko, Zdenka Dzambas, Barisa Colak, Mario Karamatic;withdrawn;NA;NA;58138;NA;"NA";NA;NA;"NA";NA
Prijedlog zakona o izmjeni i dopuni Zakona o ministarstvima i drugim organima uprave Bosne i Hercegovine;Proposal of Law on Amendments to the Law on Ministries and Other Bodies of Administration of Bosnia and Herzegovina;http://parlament.ba/olaw/OLawDetails?lawId=58034;VII. (2014. - 2018.);01,02-02-1-1610/17, od 4.7.2017.;01-02-02-1-1610/17;2017-07-04;Vijece ministara BiH;adopted;52.,   20.9.2017. Ad. 4.;submitted and published;01,02-02-1-1610/17, od 4.7.2017.;01-02-02-1-1610/17;2017-07-04;Vijece ministara BiH;adopted;33.,   8.11.2017. Ad. 2.;105. sjednica, odrzana 13.6.2017.;58034;33;8.11.2017;Ad. 2;52;20.9.2017;Ad. 4
Prijedlog zakona o dopunama Krivicnog zakona Bosne i Hercegovine;Proposal of Law on Amendments to the Criminal Code of Bosnia and Herzegovina;http://parlament.ba/olaw/OLawDetails?lawId=57845;VII. (2014. - 2018.);01-02-1-1503/17, od 15.6.2017.;01-02-1-1503/17;2017-06-15;Denis Becirovic;rejected;52.,   20.9.2017. Ad. 6.;rejected;NA;NA;NA;NA;missing;NA;NA;57845;NA;"NA";NA;52;20.9.2017;Ad. 6
Prijedlog zakona o izmjenama Zakona o radu u institucijama Bosne i Hercegovine;Proposal of Law on Amendments to the Law on Labor in the Institutions of Bosnia and Herzegovina;http://parlament.ba/olaw/OLawDetails?lawId=57622;VII. (2014. - 2018.);01-02-1-1378/17, od 31.5.2017.;01-02-1-1378/17;2017-05-31;Maja Gasal - Vrazalica;adopted;50.,   26.7.2017. Ad. 4.;submitted and published;02-02-1-1378/17, od 28.7.2017.;02-02-1-1378/17;2017-07-28;Predstavnicki dom;adopted;5.,   22.12.2017. Ad. 4.;NA;57622; 5;22.12.2017;Ad. 4;50;26.7.2017;Ad. 4
Prijedlog zakona o izmjeni Zakona o drzavnoj sluzbi u institucijama Bosne i Hercegovine;Proposal of Law on Amendments to the Law on Civil Service in the Institutions of Bosnia and Herzegovina;http://parlament.ba/olaw/OLawDetails?lawId=57621;VII. (2014. - 2018.);01-02-1-1377/17, od 31.5.2017.;01-02-1-1377/17;2017-05-31;Maja Gasal - Vrazalica;adopted;51.,   7.9.2017.,  13.9.2017. Ad. 4.;submitted and published;02-02-1-1377/17, od 19.9.2017.;02-02-1-1377/17;2017-09-19;Predstavnicki dom;adopted;5.,   22.12.2017. Ad. 3.;NA;57621; 5;22.12.2017;Ad. 3;51;"7.9.2017; 13.9.2017";Ad. 4
Prijedlog zakona o izmjenama Zakona o osnovama sigurnosti saobracaja na putevima u Bosni i Hercegovini;Proposal of Law on Amendments to the Law on Basics of Road Traffic Safety in Bosnia and Herzegovina;http://parlament.ba/olaw/OLawDetails?lawId=57614;VII. (2014. - 2018.);01-02-1-1374/17, od 30.5.2017.;01-02-1-1374/17;2017-05-30;Momcilo Novakovic;adopted;56.,   31.1.2018. Ad. 11.;submitted and published;02-02-1-1374/17, od 28.7.2017.;02-02-1-1374/17;2017-07-28;Predstavnicki dom;adopted;5.,   22.12.2017. Ad. 7.;NA;57614; 5;22.12.2017;Ad. 7;56;31.1.2018;Ad. 11
Prijedlog zakona o parlamentarnom nadzoru;Bill on parliamentary scrutiny;http://parlament.ba/olaw/OLawDetails?lawId=57580;VII. (2014. - 2018.);01,02-02-1-1348/17, od 26.5.2017.;01-02-02-1-1348/17;2017-05-26;Borislav Bojic, Salko Sokolovic, Predrag Kozul;adopted;58.,   7.3.2018. Ad. 10.;submitted and published;01,02-02-1-1348/17, od 26.5.2017.;01-02-02-1-1348/17;2017-05-26;Ognjen Tadic, Safet Softic, Ljilja Zovko;adopted;37.,   21.3.2018.,  17.4.2018. Ad. 10.;5. sjednica, odrzana 4.5.2017.;57580;37;"21.3.2018; 17.4.2018";Ad. 10;58;7.3.2018;Ad. 10
Prijedlog zakona o izmjenama i dopunama Zakona o administrativnim taksama;Proposal for a Law on Amendments to the Law on Administrative Fees;http://parlament.ba/olaw/OLawDetails?lawId=57344;VII. (2014. - 2018.);01,02-02-1-1185/17, od 9.5.2017.;01-02-02-1-1185/17;2017-05-09;Vijece ministara BiH;rejected;49.,   5.7.2017. Ad. 4.;rejected;01,02-02-1-1185/17, od 9.5.2017.;01-02-02-1-1185/17;2017-05-09;Vijece ministara BiH;legislative process suspended;NA;96. sjednica, odrzana 28.3.2017.;57344;NA;"NA";NA;49;5.7.2017;Ad. 4
Prijedlog zakona o izmjenama i dopunama Izbornog zakona Bosne i Hercegovine;Proposal of the Law on Amendments to the Election Law of Bosnia and Herzegovina;http://parlament.ba/olaw/OLawDetails?lawId=57270;VII. (2014. - 2018.);01-02-1-1133/17, od 25.7.2017.;01-02-1-1133/17;2017-07-25;Dom naroda;rejected;55.,   21.12.2017.,  17.1.2018.,  31.1.2018. Ad. 2.;rejected;02-02-1-1133/17, od 28.4.2017.;02-02-1-1133/17;2017-04-28;Martin Raguz, Ljilja Zovko, Zdenka Dzambas, Barisa Colak, Mario Karamatic;adopted;31.,   19.7.2017. Ad. 2.;NA;57270;31;19.7.2017;Ad. 2;55;"21.12.2017; 17.1.2018; 31.1.2018";Ad. 2
Prijedlog zakona o dopuni Izbornog zakona Bosne i Hercegovine;Proposal of Law on Amendment to the Election Law of Bosnia and Herzegovina;http://parlament.ba/olaw/OLawDetails?lawId=57169;VII. (2014. - 2018.);01-02-1-1074/17, od 21.4.2017.;01-02-1-1074/17;2017-04-21;Denis Becirovic;rejected;52.,   20.9.2017. Ad. 5.;rejected;NA;NA;NA;NA;missing;NA;NA;57169;NA;"NA";NA;52;20.9.2017;Ad. 5
Prijedlog zakona o osiguranju depozita u bankama Bosne i Hercegovine;Proposal of Law on Deposit Insurance in Banks of Bosnia and Herzegovina;http://parlament.ba/olaw/OLawDetails?lawId=57010;VII. (2014. - 2018.);01,02-02-1-960/17, od 10.4.2017.;01-02-02-1-960/17;2017-04-10;Vijece ministara BiH;rejected;46.,   31.5.2017. Ad. 5.;rejected;02-02-1-960/17, od 7.4.2017.;02-02-1-960/17;2017-04-07;Vijece ministara BiH;adopted;27.,   7.4.2017. Ad. 2.;NA;57010;27;7.4.2017;Ad. 2;46;31.5.2017;Ad. 5
Prijedlog zakona o izmjenama i dopuni Zakona o uplatama na jedinstveni racun i raspodjeli prihoda;Proposal for a Law on Amendments to the Law on Payments to the Single Account and the Distribution of Revenue;http://parlament.ba/olaw/OLawDetails?lawId=57009;VII. (2014. - 2018.);01,02-02-1-959/17, od 10.4.2017.;01-02-02-1-959/17;2017-04-10;Vijece ministara BiH;rejected;45.,   10.5.2017. Ad. 7.;rejected;02-02-1-959/17, od 7.4.2017.;02-02-1-959/17;2017-04-07;Vijece ministara BiH;adopted;27.,   7.4.2017. Ad. 4.;NA;57009;27;7.4.2017;Ad. 4;45;10.5.2017;Ad. 7
Prijedlog zakona o izmjeni Zakona o sistemu indirektnog oporezivanja u Bosni i Hercegovini;Proposal of Law on Amendments to the Law on the Indirect Taxation System in Bosnia and Herzegovina;http://parlament.ba/olaw/OLawDetails?lawId=57008;VII. (2014. - 2018.);01,02-02-1-958/17, od 10.4.2017.;01-02-02-1-958/17;2017-04-10;Vijece ministara BiH;rejected;45.,   10.5.2017. Ad. 6.;rejected;02-02-1-958/17, od 7.4.2017.;02-02-1-958/17;2017-04-07;Vijece ministara BiH;adopted;27.,   7.4.2017. Ad. 3.;NA;57008;27;7.4.2017;Ad. 3;45;10.5.2017;Ad. 6
Prijedlog zakona o izmjenama i dopunama Zakona o akcizama u Bosni i Hercegovini;Proposal of Law on Amendments to the Law on Excise Duties in Bosnia and Herzegovina;http://parlament.ba/olaw/OLawDetails?lawId=57007;VII. (2014. - 2018.);01,02-02-1-957/17, od 10.4.2017.;01-02-02-1-957/17;2017-04-10;Vijece ministara BiH;rejected;45.,   10.5.2017. Ad. 5.;rejected;02-02-1-957/17, od 7.4.2017.;02-02-1-957/17;2017-04-07;Vijece ministara BiH;adopted;27.,   7.4.2017. Ad. 5.;NA;57007;27;7.4.2017;Ad. 5;45;10.5.2017;Ad. 5
Prijedlog zakona o izmjenama i dopunama Zakona o akcizama u Bosni i Hercegovini;Proposal of Law on Amendments to the Law on Excise Duties in Bosnia and Herzegovina;http://parlament.ba/olaw/OLawDetails?lawId=56892;VII. (2014. - 2018.);01,02-02-1-863/17, od 29.3.2017.;01-02-02-1-863/17;2017-03-29;Vijece ministara BiH;withdrawn;NA;withdrawn;01,02-02-1-863/17, od 29.3.2017.;01-02-02-1-863/17;2017-03-29;Vijece ministara BiH;withdrawn;NA;NA;56892;NA;"NA";NA;NA;"NA";NA
Prijedlog zakona o izmjenama i dopuni Zakona o uplatama na jedinstveni racun i raspodjeli prihoda;Proposal for a Law on Amendments to the Law on Payments to the Single Account and the Distribution of Revenue;http://parlament.ba/olaw/OLawDetails?lawId=56891;VII. (2014. - 2018.);01,02-02-1-862/17, od 29.3.2017.;01-02-02-1-862/17;2017-03-29;Vijece ministara BiH;withdrawn;NA;withdrawn;01,02-02-1-862/17, od 29.3.2017.;01-02-02-1-862/17;2017-03-29;Vijece ministara BiH;withdrawn;NA;NA;56891;NA;"NA";NA;NA;"NA";NA
Prijedlog zakona o izmjeni Zakona o sistemu indirektnog oporezivanja u Bosni i Hercegovini;Proposal of Law on Amendments to the Law on the Indirect Taxation System in Bosnia and Herzegovina;http://parlament.ba/olaw/OLawDetails?lawId=56890;VII. (2014. - 2018.);01,02-02-1-861/17, od 29.3.2017.;01-02-02-1-861/17;2017-03-29;Vijece ministara BiH;withdrawn;NA;withdrawn;01,02-02-1-861/17, od 29.3.2017.;01-02-02-1-861/17;2017-03-29;Vijece ministara BiH;withdrawn;NA;NA;56890;NA;"NA";NA;NA;"NA";NA
Prijedlog zakona o osiguranju depozita u bankama Bosne i Hercegovine;Proposal of Law on Deposit Insurance in Banks of Bosnia and Herzegovina;http://parlament.ba/olaw/OLawDetails?lawId=56889;VII. (2014. - 2018.);01,02-02-1-860/17, od 29.3.2017.;01-02-02-1-860/17;2017-03-29;Vijece ministara BiH;withdrawn;NA;withdrawn;01,02-02-1-860/17, od 29.3.2017.;01-02-02-1-860/17;2017-03-29;Vijece ministara BiH;withdrawn;NA;NA;56889;NA;"NA";NA;NA;"NA";NA
Prijedlog zakona o izmjeni i dopunama Zakona o zastiti i dobrobiti zivotinja;Proposal for a Law amending the Law on the Protection and Welfare of Animals;http://parlament.ba/olaw/OLawDetails?lawId=56826;VII. (2014. - 2018.);01-02-1-814/17, od 23.3.2017.;01-02-1-814/17;2017-03-23;Predrag Kozul;adopted;56.,   31.1.2018. Ad. 10.;submitted and published;02-02-1-814/17, od 25.4.2017.;02-02-1-814/17;2017-04-25;Predstavnicki dom;adopted;5.,   22.12.2017. Ad. 6.;NA;56826; 5;22.12.2017;Ad. 6;56;31.1.2018;Ad. 10
Prijedlog zakona o izmjenama i dopunama Zakona o upravi;Proposal for a Law on amendments to the Law on Administration;http://parlament.ba/olaw/OLawDetails?lawId=56764;VII. (2014. - 2018.);01,02-02-1-770/17, od 20.3.2017.;01-02-02-1-770/17;2017-03-20;Vijece ministara BiH;adopted;50.,   26.7.2017. Ad. 6.;submitted and published;01,02-02-1-770/17, od 20.3.2017.;01-02-02-1-770/17;2017-03-20;Vijece ministara BiH;adopted;32.,   28.9.2017. Ad. 4.;NA;56764;32;28.9.2017;Ad. 4;50;26.7.2017;Ad. 6
Prijedlog zakona o izmjenama i dopunama Zakona o osnovama sigurnosti saobracaja na putevima u Bosni i Hercegovini;Proposal of Law on Amendments to the Law on Basics of Road Traffic Safety in Bosnia and Herzegovina;http://parlament.ba/olaw/OLawDetails?lawId=56643;VII. (2014. - 2018.);01-02-1-687/17, od 10.3.2017.;01-02-1-687/17;2017-03-10;Damir Arnaut;adopted;50.,   26.7.2017. Ad. 5.;submitted and published;02-02-1-687/17, od 28.7.2017.;02-02-1-687/17;2017-07-28;Predstavnicki dom;adopted;34.,   7.12.2017. Ad. 2.;NA;56643;34;7.12.2017;Ad. 2;50;26.7.2017;Ad. 5
Prijedlog zakona o dopuni Zakona o placama i naknadama u institucijama Bosne i Hercegovine;Proposal of Law on Amendments to the Law on Salaries and Remuneration in the Institutions of Bosnia and Herzegovina;http://parlament.ba/olaw/OLawDetails?lawId=56588;VII. (2014. - 2018.);01-02-1-653/17, od 6.3.2017.;01-02-1-653/17;2017-03-06;Denis Becirovic, Mirsad Mesic;adopted;43.,   23.3.2017. Ad. 8.;legislative process suspended;02-02-1-653/17, od 24.3.2017.;02-02-1-653/17;2017-03-24;Predstavnicki dom;legislative process suspended;NA;NA;56588;NA;"NA";NA;43;23.3.2017;Ad. 8
Prijedlog zakona o izmjeni i dopuni Zakona o radu u institucijama Bosne i Hercegovine;Proposal of Law on Amendment and Supplement to the Law on Labor in the Institutions of Bosnia and Herzegovina;http://parlament.ba/olaw/OLawDetails?lawId=56587;VII. (2014. - 2018.);01-02-1-652/17, od 6.3.2017.;01-02-1-652/17;2017-03-06;Denis Becirovic, Mirsad Mesic;adopted;43.,   23.3.2017. Ad. 7.;legislative process suspended;02-02-1-652/17, od 24.3.2017.;02-02-1-652/17;2017-03-24;Predstavnicki dom;legislative process suspended;32.,   28.9.2017. Ad. 10.;NA;56587;32;28.9.2017;Ad. 10;43;23.3.2017;Ad. 7
Prijedlog zakona o izmjenama i dopunama Zakona o osiguranju depozita u bankama Bosne i Hercegovine;Proposal of Law on Amendments to the Law on Deposit Insurance at Banks of Bosnia and Herzegovina;http://parlament.ba/olaw/OLawDetails?lawId=56235;VII. (2014. - 2018.);01,02-02-1-3/17, od 6.2.2017.;01-02-02-1-3/17;2017-02-06;Vijece ministara BiH;legislative process suspended;NA;legislative process suspended;01,02-02-1-3/17, od 6.2.2017.;01-02-02-1-3/17;2017-02-06;Vijece ministara BiH;legislative process suspended;NA;87. sjednica, odrzana 29.12.2016.;56235;NA;"NA";NA;NA;"NA";NA
Prijedlog zakona o izmjeni Zakona o porezu na dodatu vrijednost;Bill Amending the Value Added Tax Act;http://parlament.ba/olaw/OLawDetails?lawId=56115;VII. (2014. - 2018.);01,02-02-1-2/17, od 26.1.2017.;01-02-02-1-2/17;2017-01-26;Vijece ministara BiH;adopted;44.,   20.4.2017. Ad. 10.;submitted and published;01,02-02-1-2/17, od 26.1.2017.;01-02-02-1-2/17;2017-01-26;Vijece ministara BiH;adopted;28.,   4.5.2017. Ad. 3.;87. sjednica, odrzana 29.12.2016.;56115;28;4.5.2017;Ad. 3;44;20.4.2017;Ad. 10
Prijedlog zakona o izmjeni Zakona o Javnom radiotelevizijskom sistemu Bosne i Hercegovine;Proposal of Law on Amendments to the Law on Public Broadcasting System of Bosnia and Herzegovina;http://parlament.ba/olaw/OLawDetails?lawId=55898;VII. (2014. - 2018.);01-02-1-105/17, od 11.1.2017.;01-02-1-105/17;2017-01-11;Mirsad Mesic;adopted;43.,   23.3.2017. Ad. 12.;rejected;02-02-1-105/17, od 24.3.2017.;02-02-1-105/17;2017-03-24;Predstavnicki dom;rejected;28.,   4.5.2017. Ad. 5.;NA;55898;28;4.5.2017;Ad. 5;43;23.3.2017;Ad. 12
Prijedlog zakona o proglasenju 9. januara Danom sjecanja na zrtve ratnih zlocina i genocida koje su pocinili organi samoproglasene i nelegalne tzv. Srpske republike Bosne i Hercegovine /Republike Srpske;The Bill on the Proclamation of January 9th as the Day of Remembrance for Victims of War Crimes and Genocides Committed by Self-declared and Illegal Bodies Of the Republic of Bosnia and Herzegovina / Republika Srpska;http://parlament.ba/olaw/OLawDetails?lawId=55866;VII. (2014. - 2018.);01-02-1-1/17, od 6.1.2017.;01-02-1-1/17;2017-01-06;Denis Becirovic;waiting for the procedure to start;NA;procedure - not started;NA;NA;NA;NA;missing;NA;NA;55866;NA;"NA";NA;NA;"NA";NA
Prijedlog zakona o dopuni Zakona o upravi;Proposal for a Law on Supplement to the Law on Administration;http://parlament.ba/olaw/OLawDetails?lawId=55472;VII. (2014. - 2018.);01-02-1-3044/16, od 2.12.2016.;01-02-1-3044/16;2016-12-02;Damir Arnaut;legislative process suspended;46.,   31.5.2017. Ad. 3.;legislative process suspended;NA;NA;NA;NA;missing;NA;NA;55472;NA;"NA";NA;46;31.5.2017;Ad. 3
Prijedlog zakona o izmjeni Zakona o placama i naknadama u institucijama Bosne i Hercegovine;Proposal of Law on Amendments to the Law on Salaries and Remuneration in the Institutions of Bosnia and Herzegovina;http://parlament.ba/olaw/OLawDetails?lawId=55334;VII. (2014. - 2018.);01,02-02-1-2947/16, od 18.11.2016.;01-02-02-1-2947/16;2016-11-18;Vijece ministara BiH;adopted;38.,   30.11.2016. Ad. 3.;submitted and published;01,02-02-1-2947/16, od 18.11.2016.;01-02-02-1-2947/16;2016-11-18;Vijece ministara BiH;adopted;25.,   15.12.2016. Ad. 2.;78.. sjednica, odrzana 24.10.2016.;55334;25;15.12.2016;Ad. 2;38;30.11.2016;Ad. 3
Prijedlog zakona o Budzetu institucija Bosne i Hercegovine i medunarodnih obaveza Bosne i Hercegovine za 2017. godinu;Proposal of the Law on the Budget of the Institutions of Bosnia and Herzegovina and the International Obligations of Bosnia and Herzegovina for 2017;http://parlament.ba/olaw/OLawDetails?lawId=55282;VII. (2014. - 2018.);01,02-02-1-2914/16, od 15.11.2016.;01-02-02-1-2914/16;2016-11-15;Predsjednistvo BiH;adopted;39.,   14.12.2016. Ad. 79.;submitted and published;01,02-02-1-2914/16, od 15.11.2016.;01-02-02-1-2914/16;2016-11-15;Predsjednistvo BiH;adopted;4.,   15.12.2016. Ad. 1.;45. vanredna. sjednica, odrzana 15.11.2016.;55282; 4;15.12.2016;Ad. 1;39;14.12.2016;Ad. 79
Prijedlog zakona o izmjeni Zakona o lijekovima i medicinskim sredstvima;Bill amending the Medicines and Medical Devices Act;http://parlament.ba/olaw/OLawDetails?lawId=55126;VII. (2014. - 2018.);01,02-02-1-2804/16, od 2.11.2016.;01-02-02-1-2804/16;2016-11-02;Vijece ministara BiH;rejected;41.,   18.1.2017. Ad. 5.;rejected;01,02-02-1-2804/16, od 2.11.2016.;01-02-02-1-2804/16;2016-11-02;Vijece ministara BiH;legislative process suspended;NA;68. sjednica, odrzana 18.8.2016.;55126;NA;"NA";NA;41;18.1.2017;Ad. 5
Prijedlog zakona o izmjenama i dopunama Zakona o placama i drugim naknadama u sudskim i tuzilackim institucijama na nivou Bosne i Hercegovine;Proposal of Law on Amendments to the Law on Salaries and Other Compensation in Judicial and Prosecutorial Institutions at the Level of Bosnia and Herzegovina;http://parlament.ba/olaw/OLawDetails?lawId=54855;VII. (2014. - 2018.);01,02-02-1-2617/16, od 11.10.2016.;01-02-02-1-2617/16;2016-10-11;Vijece ministara BiH;adopted;38.,   30.11.2016. Ad. 6.;rejected;01,02-02-1-2617/16, od 11.10.2016.;01-02-02-1-2617/16;2016-10-11;Vijece ministara BiH;rejected;27.,   7.4.2017. Ad. 6.;72. sjednica, odrzana 7.9.2016.;54855;27;7.4.2017;Ad. 6;38;30.11.2016;Ad. 6
Prijedlog zakona o izmjeni Zakona o placama i naknadama u institucijama Bosne i Hercegovine;Proposal of Law on Amendments to the Law on Salaries and Remuneration in the Institutions of Bosnia and Herzegovina;http://parlament.ba/olaw/OLawDetails?lawId=54838;VII. (2014. - 2018.);01-02-1-2610/16, od 10.10.2016.;01-02-1-2610/16;2016-10-10;Semsudin Mehmedovic;adopted;43.,   23.3.2017. Ad. 9.;submitted and published;02-02-1-2610/16, od 24.3.2017.;02-02-1-2610/16;2017-03-24;Predstavnicki dom;adopted;32.,   28.9.2017. Ad. 2.;NA;54838;32;28.9.2017;Ad. 2;43;23.3.2017;Ad. 9
Prijedlog zakona o izmjenama i dopunama Zakona o medunarodnom i meduentitetskom cestovnom prijevozu;Proposal for a Law on Amendments to the Law on International and Inter-Entity Road Transport;http://parlament.ba/olaw/OLawDetails?lawId=54690;VII. (2014. - 2018.);01,02-02-1-2509/16, od 28.9.2016.;01-02-02-1-2509/16;2016-09-28;Vijece ministara BiH;adopted;38.,   30.11.2016. Ad. 5.;rejected;01,02-02-1-2509/16, od 28.9.2016.;01-02-02-1-2509/16;2016-09-28;Vijece ministara BiH;rejected;31.,   19.7.2017. Ad. 3.;71. sjednica, odrzana 31.8.2016.;54690;31;19.7.2017;Ad. 3;38;30.11.2016;Ad. 5
Prijedlog zakona o izmjenama i dopunama Zakona o upravi;Proposal for a Law on amendments to the Law on Administration;http://parlament.ba/olaw/OLawDetails?lawId=54370;VII. (2014. - 2018.);01,02-02-1-2275/16, od 26.8.2016.;01-02-02-1-2275/16;2016-08-26;Vijece ministara BiH;adopted;37.,   9.11.2016. Ad. 7.;rejected;01,02-02-1-2275/16, od 26.8.2016.;01-02-02-1-2275/16;2016-08-26;Vijece ministara BiH;rejected;24.,   22.11.2016. Ad. 4.;62. sjednica, odrzana 29.6.2016.;54370;24;22.11.2016;Ad. 4;37;9.11.2016;Ad. 7
Prijedlog zakona o izmjenama i dopunama Zakona o udruzenjima i fondacijama Bosne i Hercegovine;Proposal of Law on Amendments to the Law on Associations and Foundations of Bosnia and Herzegovina;http://parlament.ba/olaw/OLawDetails?lawId=54270;VII. (2014. - 2018.);01,02-02-1-2194/16, od 5.8.2016.;01-02-02-1-2194/16;2016-08-05;Vijece ministara BiH;adopted;39.,   14.12.2016. Ad. 80.;submitted and published;01,02-02-1-2194/16, od 5.8.2016.;01-02-02-1-2194/16;2016-08-05;Vijece ministara BiH;adopted;25.,   15.12.2016. Ad. 6.;63. sjednica, odrzana 7.7.2016.;54270;25;15.12.2016;Ad. 6;39;14.12.2016;Ad. 80
Prijedlog zakona o izmjeni i dopunama Zakona o Pravobranilastvu Bosne i Hercegovine;Proposal of Law on Amendments to the Law on the Attorney General of Bosnia and Herzegovina;http://parlament.ba/olaw/OLawDetails?lawId=54153;VII. (2014. - 2018.);01,02-02-1-2091/16, od 2.8.2016.;01-02-02-1-2091/16;2016-08-02;Vijece ministara BiH;rejected;37.,   9.11.2016. Ad. 5.;rejected;01,02-02-1-2091/16, od 2.8.2016.;01-02-02-1-2091/16;2016-08-02;Vijece ministara BiH;legislative process suspended;NA;65. sjednica, odrzana 21.7.2016.;54153;NA;"NA";NA;37;9.11.2016;Ad. 5
Prijedlog zakona o izmjeni Zakona o Javnom radiotelevizijskom sistemu Bosne i Hercegovine;Proposal of Law on Amendments to the Law on Public Broadcasting System of Bosnia and Herzegovina;http://parlament.ba/olaw/OLawDetails?lawId=54118;VII. (2014. - 2018.);01-02-1-2063/16, od 28.7.2016.;01-02-1-2063/16;2016-07-28;Mirsad Mesic;rejected;35.,   30.8.2016. Ad. 3.;rejected;NA;NA;NA;NA;missing;NA;NA;54118;NA;"NA";NA;35;30.8.2016;Ad. 3
Prijedlog zakona o izmjeni Zakona o placama i naknadama u institucijama Bosne i Hercegovine;Proposal of Law on Amendments to the Law on Salaries and Remuneration in the Institutions of Bosnia and Herzegovina;http://parlament.ba/olaw/OLawDetails?lawId=53951;VII. (2014. - 2018.);01-02-1-1950/16, od 18.7.2016.;01-02-1-1950/16;2016-07-18;Damir Arnaut;rejected;37.,   9.11.2016. Ad. 4.;rejected;NA;NA;NA;NA;missing;NA;NA;53951;NA;"NA";NA;37;9.11.2016;Ad. 4
Prijedlog zakona o izmjenama i dopuni Zakona o uplatama na jedinstveni racun i raspodjeli prihoda;Proposal for a Law on Amendments to the Law on Payments to the Single Account and the Distribution of Revenue;http://parlament.ba/olaw/OLawDetails?lawId=53772;VII. (2014. - 2018.);01,02-02-1-1855/16, od 7.7.2016.;01-02-02-1-1855/16;2016-07-07;Vijece ministara BiH;rejected;36.,   19.10.2016. Ad. 8.;rejected;01,02-02-1-1855/16, od 7.7.2016.;01-02-02-1-1855/16;2016-07-07;Vijece ministara BiH;legislative process suspended;NA;NA;53772;NA;"NA";NA;36;19.10.2016;Ad. 8
Prijedlog zakona o izmjeni Zakona o sistemu indirektnog oporezivanja u Bosni i Hercegovini;Proposal of Law on Amendments to the Law on the Indirect Taxation System in Bosnia and Herzegovina;http://parlament.ba/olaw/OLawDetails?lawId=53771;VII. (2014. - 2018.);01,02-02-1-1854/16, od 7.7.2016.;01-02-02-1-1854/16;2016-07-07;Vijece ministara BiH;rejected;36.,   19.10.2016. Ad. 7.;rejected;01,02-02-1-1854/16, od 7.7.2016.;01-02-02-1-1854/16;2016-07-07;Vijece ministara BiH;legislative process suspended;NA;NA;53771;NA;"NA";NA;36;19.10.2016;Ad. 7
Prijedlog zakona o izmjenama i dopunama Zakona o akcizama u Bosni i Hercegovini;Proposal of Law on Amendments to the Law on Excise Duties in Bosnia and Herzegovina;http://parlament.ba/olaw/OLawDetails?lawId=53770;VII. (2014. - 2018.);01,02-02-1-1853/16, od 7.7.2016.;01-02-02-1-1853/16;2016-07-07;Vijece ministara BiH;rejected;36.,   19.10.2016. Ad. 6.;rejected;01,02-02-1-1853/16, od 7.7.2016.;01-02-02-1-1853/16;2016-07-07;Vijece ministara BiH;legislative process suspended;NA;NA;53770;NA;"NA";NA;36;19.10.2016;Ad. 6
Prijedlog zakona o pruzanju besplatne pravne pomoci;Draft law on the provision of free legal aid;http://parlament.ba/olaw/OLawDetails?lawId=53685;VII. (2014. - 2018.);01,02-02-1-1789/16, od 28.6.2016.;01-02-02-1-1789/16;2016-06-28;Vijece ministara BiH;adopted;35.,   30.8.2016. Ad. 4.;submitted and published;01,02-02-1-1789/16, od 28.6.2016.;01-02-02-1-1789/16;2016-06-28;Vijece ministara BiH;adopted;23.,   27.10.2016. Ad. 4.;NA;53685;23;27.10.2016;Ad. 4;35;30.8.2016;Ad. 4
Prijedlog zakona o izmjenama i dopunama Zakona o sprecavanju pranja novca i finansiranja teroristickih aktivnosti;Proposal of the Law on Amendments to the Law on Prevention of Money Laundering and Financing of Terrorist Activities;http://parlament.ba/olaw/OLawDetails?lawId=53359;VII. (2014. - 2018.);01,02-02-1-1567/16, od 27.5.2016.;01-02-02-1-1567/16;2016-05-27;Vijece ministara BiH;adopted;31.,   15.6.2016. Ad. 3.;submitted and published;01,02-02-1-1567/16, od 27.5.2016.;01-02-02-1-1567/16;2016-05-27;Vijece ministara BiH;adopted;20.,   16.6.2016. Ad. 3.;54. sjednica, odrzana 5.5.2016.;53359;20;16.6.2016;Ad. 3;31;15.6.2016;Ad. 3
Prijedlog zakona o izmjenama i dopunama Zakona o zaduzivanju, dugu i garancijama Bosne i Hercegovine;Proposal of Law on Amendments to the Law on Borrowing, Debt and Guarantees of Bosnia and Herzegovina;http://parlament.ba/olaw/OLawDetails?lawId=53292;VII. (2014. - 2018.);01,02-02-1-1510/16, od 20.5.2016.;01-02-02-1-1510/16;2016-05-20;Vijece ministara BiH;adopted;35.,   30.8.2016. Ad. 5.;submitted and published;01,02-02-1-1510/16, od 20.5.2016.;01-02-02-1-1510/16;2016-05-20;Vijece ministara BiH;adopted;24.,   22.11.2016. Ad. 3.;NA;53292;24;22.11.2016;Ad. 3;35;30.8.2016;Ad. 5
Prijedlog zakona o izmjenama i dopunama Zakona o Javnom radiotelevizijskom sistemu Bosne i Hercegovine;Proposal of Law on Amendments to the Law on Public Broadcasting System of Bosnia and Herzegovina;http://parlament.ba/olaw/OLawDetails?lawId=53162;VII. (2014. - 2018.);01-02-1-1417/16, od 13.5.2016.;01-02-1-1417/16;2016-05-13;Amir Fazlic, Mirsad Donlagic;rejected;33.,   19.7.2016. Ad. 8.;rejected;NA;NA;NA;NA;missing;NA;NA;53162;NA;"NA";NA;33;19.7.2016;Ad. 8
Prijedlog zakona o dopunama Zakona o sukobu interesa u institucijama vlasti Bosne i Hercegovine;Proposal of Law on Amendments to the Law on Conflict of Interests in the Institutions of Government of Bosnia and Herzegovina;http://parlament.ba/olaw/OLawDetails?lawId=53143;VII. (2014. - 2018.);01-02-1-1403/16, od 12.5.2016.;01-02-1-1403/16;2016-05-12;Sefik Dzaferovic, Borjana Kristo, Mladen Bosic;adopted;30.,   24.5.2016. Ad. 3.;submitted and published;02-02-1-1403/16, od 25.5.2016.;02-02-1-1403/16;2016-05-25;Predstavnicki dom;adopted;19.,   27.5.2016. Ad. 4.;NA;53143;19;27.5.2016;Ad. 4;30;24.5.2016;Ad. 3
Prijedlog zakona o obiljezavanju malog oruzja, lakog naoruzanja i pripadajuce municije;Draft law on small arms, light weapons and associated ammunition marking;http://parlament.ba/olaw/OLawDetails?lawId=53095;VII. (2014. - 2018.);01,02-02-1-1361/16, od 9.5.2016.;01-02-02-1-1361/16;2016-05-09;Vijece ministara BiH;adopted;36.,   19.10.2016. Ad. 3.;submitted and published;01,02-02-1-1361/16, od 9.5.2016.;01-02-02-1-1361/16;2016-05-09;Vijece ministara BiH;adopted;23.,   27.10.2016. Ad. 3.;47. sjednica, odrzana 10.3.2016.;53095;23;27.10.2016;Ad. 3;36;19.10.2016;Ad. 3
Prijedlog zakona o dopuni Zakona o Vijecu ministara Bosne i Hercegovine;Proposal of Law on Amendments to the Law on the Council of Ministers of Bosnia and Herzegovina;http://parlament.ba/olaw/OLawDetails?lawId=53034;VII. (2014. - 2018.);01-02-1-1304/16, od 4.5.2016.;01-02-1-1304/16;2016-05-04;Damir Becirovic;legislative process suspended;31.,   15.6.2016. Ad. 10.;legislative process suspended;NA;NA;NA;NA;missing;NA;NA;53034;NA;"NA";NA;31;15.6.2016;Ad. 10
Prijedlog zakona o izmjenama i dopunama Izbornog zakona Bosne i Hercegovine;Proposal of the Law on Amendments to the Election Law of Bosnia and Herzegovina;http://parlament.ba/olaw/OLawDetails?lawId=53033;VII. (2014. - 2018.);01-02-1-1305/16, od 4.5.2016.;01-02-1-1305/16;2016-05-04;Zeljko Komsic;withdrawn;NA;withdrawn;NA;NA;NA;NA;missing;NA;NA;53033;NA;"NA";NA;NA;"NA";NA
Prijedlog zakona o dopunama Zakona o javnim nabavkama;Proposal for a Law on Amendments to the Law on Public Procurement;http://parlament.ba/olaw/OLawDetails?lawId=53023;VII. (2014. - 2018.);01-02-1-1303/16, od 4.5.2016.;01-02-1-1303/16;2016-05-04;Damir Becirovic;legislative process suspended;31.,   15.6.2016. Ad. 9.;legislative process suspended;NA;NA;NA;NA;missing;NA;NA;53023;NA;"NA";NA;31;15.6.2016;Ad. 9
Prijedlog zakona o izmjenama i dopunama Izbornog zakona Bosne i Hercegovine;Proposal of the Law on Amendments to the Election Law of Bosnia and Herzegovina;http://parlament.ba/olaw/OLawDetails?lawId=52972;VII. (2014. - 2018.);01-02-1-1266/16, od 28.4.2016.;01-02-1-1266/16;2016-04-28;Mirsad Mesic, Damir Becirovic;rejected;29.,   11.5.2016. Ad. 4.;rejected;NA;NA;NA;NA;missing;NA;NA;52972;NA;"NA";NA;29;11.5.2016;Ad. 4
Prijedlog zakona o izmjeni i dopuni Zakona o placama i naknadama u institucijama Bosne i Hercegovine;Proposal of Law on Amendments to the Law on Wages and Salaries in the Institutions of Bosnia and Herzegovina;http://parlament.ba/olaw/OLawDetails?lawId=52970;VII. (2014. - 2018.);01-02-1-1265/16, od 28.4.2016.;01-02-1-1265/16;2016-04-28;Borislav Bojic, Salko Sokolovic, Predrag Kozul;adopted;29.,   11.5.2016. Ad. 3.;rejected;02-02-1-1265/16, od 16.5.2016.;02-02-1-1265/16;2016-05-16;Predstavnicki dom;rejected;23.,   27.10.2016. Ad. 5.;NA;52970;23;27.10.2016;Ad. 5;29;11.5.2016;Ad. 3
Prijedlog zakona o izmjenama i dopunama Izbornog zakona Bosne i Hercegovine;Proposal of the Law on Amendments to the Election Law of Bosnia and Herzegovina;http://parlament.ba/olaw/OLawDetails?lawId=52935;VII. (2014. - 2018.);01-02-1-1230/16, od 25.4.2016.;01-02-1-1230/16;2016-04-25;Amir Fazlic, Mirsad Donlagic;rejected;28.,   27.4.2016.,  11.5.2016. Ad. 6.;rejected;NA;NA;NA;NA;missing;NA;NA;52935;NA;"NA";NA;28;"27.4.2016; 11.5.2016";Ad. 6
Prijedlog zakona o izmjenama i dopunama Izbornog zakona Bosne i Hercegovine;Proposal of the Law on Amendments to the Election Law of Bosnia and Herzegovina;http://parlament.ba/olaw/OLawDetails?lawId=52899;VII. (2014. - 2018.);01-02-1-1203/16, od 21.4.2016.;01-02-1-1203/16;2016-04-21;Borjana Kristo;rejected;28.,   27.4.2016.,  11.5.2016. Ad. 5.;rejected;NA;NA;NA;NA;missing;NA;NA;52899;NA;"NA";NA;28;"27.4.2016; 11.5.2016";Ad. 5
Prijedlog zakona o volonterskim aktivnostima koje organiziraju udruzenja i fondacije, crkve i vjerske zajednice i institucije Bosne i Hercegovine;Proposal of the Law on Voluntary Activities Organized by Associations and Foundations, Churches and Religious Communities and Institutions of Bosnia and Herzegovina;http://parlament.ba/olaw/OLawDetails?lawId=52875;VII. (2014. - 2018.);01,02-02-1-1187/16, od 20.4.2016.;01-02-02-1-1187/16;2016-04-20;Vijece ministara BiH;rejected;33.,   19.7.2016. Ad. 10.;rejected;01,02-02-1-1187/16, od 20.4.2016.;01-02-02-1-1187/16;2016-04-20;Vijece ministara BiH;legislative process suspended;NA;37. sjednica, odrzana 30.12.2015.;52875;NA;"NA";NA;33;19.7.2016;Ad. 10
Prijedlog zakona o izmjenama i dopunama Izbornog zakona Bosne i Hercegovine;Proposal of the Law on Amendments to the Election Law of Bosnia and Herzegovina;http://parlament.ba/olaw/OLawDetails?lawId=52827;VII. (2014. - 2018.);01-02-1-1145/16, od 14.4.2016.;01-02-1-1145/16;2016-04-14;Mirsad Mesic, Damir Becirovic;rejected;28.,   27.4.2016.,  11.5.2016. Ad. 4.;rejected;NA;NA;NA;NA;missing;NA;NA;52827;NA;"NA";NA;28;"27.4.2016; 11.5.2016";Ad. 4
Prijedlog zakona o dopuni Zakona o sluzbi u Oruzanim snagama Bosne i Hercegovine;Proposal of Law on Amendments to the Law on Service in the Armed Forces of Bosnia and Herzegovina;http://parlament.ba/olaw/OLawDetails?lawId=52719;VII. (2014. - 2018.);NA;NA;NA;NA;missing;NA;rejected;02-02-1-1053/16, od 5.4.2016.;02-02-1-1053/16;2016-04-05;Mario Karamatic;rejected;22.,   31.8.2016. Ad. 6.;NA;52719;22;31.8.2016;Ad. 6;NA;"NA";NA
Prijedlog zakona o izmjenama i dopunama Izbornog zakona Bosne i Hercegovine;Proposal of the Law on Amendments to the Election Law of Bosnia and Herzegovina;http://parlament.ba/olaw/OLawDetails?lawId=52686;VII. (2014. - 2018.);01-02-1-1032/16, od 4.4.2016.;01-02-1-1032/16;2016-04-04;Borjana Kristo, Lazar Prodanovic, Hazim Rancic;adopted;28.,   27.4.2016.,  11.5.2016. Ad. 8.;submitted and published;01,02-02-1-1032/16, od 27.4.2016.;01-02-02-1-1032/16;2016-04-27;Predstavnicki dom;adopted;3.,   27.4.2016. Ad. 1.;NA;52686; 3;27.4.2016;Ad. 1;28;"27.4.2016; 11.5.2016";Ad. 8
Prijedlog zakona o izmjenama i dopunama Zakona o finansiranju politickih stranaka;Proposal for a Law on Amendments to the Law on Financing of Political Parties;http://parlament.ba/olaw/OLawDetails?lawId=52685;VII. (2014. - 2018.);01-02-1-1033/16, od 4.4.2016.;01-02-1-1033/16;2016-04-04;Borjana Kristo, Lazar Prodanovic, Hazim Rancic;adopted;30.,   24.5.2016. Ad. 6.;submitted and published;02-02-1-1033/16, od 25.5.2016.;02-02-1-1033/16;2016-05-25;Predstavnicki dom;adopted;19.,   27.5.2016. Ad. 6.;NA;52685;19;27.5.2016;Ad. 6;30;24.5.2016;Ad. 6
Prijedlog zakona o dopuni Zakona o placama i naknadama u institucijama Bosne i Hercegovine;Proposal of Law on Amendments to the Law on Salaries and Remuneration in the Institutions of Bosnia and Herzegovina;http://parlament.ba/olaw/OLawDetails?lawId=52670;VII. (2014. - 2018.);01,02-02-1-1017/16, od 6.4.2016.;01-02-02-1-1017/16;2016-04-06;Dom naroda;rejected;28.,   27.4.2016.,  11.5.2016. Ad. 3.;rejected;02-02-1-1017/16, od 1.4.2016.;02-02-1-1017/16;2016-04-01;Ljilja Zovko;adopted;17.,   4.4.2016. Ad. 2.;NA;52670;17;4.4.2016;Ad. 2;28;"27.4.2016; 11.5.2016";Ad. 3
Prijedlog zakona o zabrani javnog poricanja, minimiziranja, opravdavanja ili odobravanja holokausta, zlocina genocida i zlocina protiv covjecnosti;Bill to ban public denial, minimize, justify or condone the Holocaust, genocide and crimes against humanity;http://parlament.ba/olaw/OLawDetails?lawId=52553;VII. (2014. - 2018.);01-02-1-938/16, od 22.3.2016.;01-02-1-938/16;2016-03-22;Denis Becirovic, Sasa Magazinovic, Mirsad Mesic;rejected;28.,   27.4.2016.,  11.5.2016. Ad. 19.;rejected;NA;NA;NA;NA;missing;NA;NA;52553;NA;"NA";NA;28;"27.4.2016; 11.5.2016";Ad. 19
Prijedlog zakona o humanitarnim organizacijama Bosne i Hercegovine;Proposal of Law on Humanitarian Organizations of Bosnia and Herzegovina;http://parlament.ba/olaw/OLawDetails?lawId=52542;VII. (2014. - 2018.);01,02-02-1-930/16, od 21.3.2016.;01-02-02-1-930/16;2016-03-21;Vijece ministara BiH;rejected;29.,   11.5.2016. Ad. 5.;rejected;01,02-02-1-930/16, od 21.3.2016.;01-02-02-1-930/16;2016-03-21;Vijece ministara BiH;legislative process suspended;NA;37. sjednica, odrzana 30.12.2015.;52542;NA;"NA";NA;29;11.5.2016;Ad. 5
Prijedlog zakona o izmjenama i dopunama Zakona o upravnom postupku;Proposal for a Law on amendments to the Law on Administrative Procedure;http://parlament.ba/olaw/OLawDetails?lawId=52540;VII. (2014. - 2018.);01,02-02-1-929/16, od 21.3.2016.;01-02-02-1-929/16;2016-03-21;Vijece ministara BiH;adopted;32.,   27.6.2016. Ad. 4.;submitted and published;01,02-02-1-929/16, od 21.3.2016.;01-02-02-1-929/16;2016-03-21;Vijece ministara BiH;adopted;21.,   14.7.2016. Ad. 9.;37. sjednica, odrzana 30.12.2015.;52540;21;14.7.2016;Ad. 9;32;27.6.2016;Ad. 4
Prijedlog okvirnog zakona o lijecenju neplodnosti biomedicinski potpomognutom oplodnjom;Proposal for a Framework Law on the Treatment of Infertility by Biomedically Aided Fertilization;http://parlament.ba/olaw/OLawDetails?lawId=52485;VII. (2014. - 2018.);01-02-1-882/16, od 17.3.2016.;01-02-1-882/16;2016-03-17;Komisija za ostvarivanje ravnopravnosti spolova;legislative process suspended;31.,   15.6.2016. Ad. 8.;legislative process suspended;NA;NA;NA;NA;missing;NA;NA;52485;NA;"NA";NA;31;15.6.2016;Ad. 8
Prijedlog zakona o izmjenama i dopuni Izbornog zakona Bosne i Hercegovine;Proposal of the Law on Amendments to the Election Law of Bosnia and Herzegovina;http://parlament.ba/olaw/OLawDetails?lawId=52472;VII. (2014. - 2018.);01-02-1-872/16, od 17.3.2016.;01-02-1-872/16;2016-03-17;Komisija za ostvarivanje ravnopravnosti spolova;rejected;28.,   27.4.2016.,  11.5.2016. Ad. 7.;rejected;NA;NA;NA;NA;missing;NA;NA;52472;NA;"NA";NA;28;"27.4.2016; 11.5.2016";Ad. 7
Prijedlog zakona o kontroli vanjskotrgovinskog prometa oruzja, vojne opreme i roba posebne namjene;Proposal for a Law on the Control of Foreign Trade Traffic in Weapons, Military Equipment and Special Purpose Goods;http://parlament.ba/olaw/OLawDetails?lawId=52318;VII. (2014. - 2018.);01,02-02-1-752/16, od 4.3.2016.;01-02-02-1-752/16;2016-03-04;Vijece ministara BiH;adopted;31.,   15.6.2016. Ad. 5.;submitted and published;01,02-02-1-752/16, od 4.3.2016.;01-02-02-1-752/16;2016-03-04;Vijece ministara BiH;adopted;21.,   14.7.2016. Ad. 5.;32. sjednica, odrzana 19.11.2015.;52318;21;14.7.2016;Ad. 5;31;15.6.2016;Ad. 5
Prijedlog zakona o kontroli vanjskotrgovinskog prometa roba dvojne namjene;Bill on the control of foreign trade in dual-use goods;http://parlament.ba/olaw/OLawDetails?lawId=52316;VII. (2014. - 2018.);01,02-02-1-748/16, od 4.3.2016.;01-02-02-1-748/16;2016-03-04;Vijece ministara BiH;adopted;31.,   15.6.2016. Ad. 4.;submitted and published;01,02-02-1-748/16, od 4.3.2016.;01-02-02-1-748/16;2016-03-04;Vijece ministara BiH;adopted;21.,   14.7.2016. Ad. 4.;32. sjednica, odrzana 19.11.2015.;52316;21;14.7.2016;Ad. 4;31;15.6.2016;Ad. 4
Prijedlog zakona o izmjenama i dopunama Zakona o sportu u Bosni i Hercegovini;Proposal of Law on Amendments to the Law on Sport in Bosnia and Herzegovina;http://parlament.ba/olaw/OLawDetails?lawId=52299;VII. (2014. - 2018.);01-02-1-742/16, od 3.3.2016.;01-02-1-742/16;2016-03-03;Maja Gasal - Vrazalica;adopted;31.,   15.6.2016. Ad. 6.;submitted and published;01-02-1-742/16, od 17.6.2016.;01-02-1-742/16;2016-06-17;Predstavnicki dom;adopted;22.,   31.8.2016. Ad. 2.;NA;52299;22;31.8.2016;Ad. 2;31;15.6.2016;Ad. 6
Prijedlog zakona o izmjenama Zakona o zastiti i dobrobiti zivotinja;Bill Amending the Law on the Protection and Welfare of Animals;http://parlament.ba/olaw/OLawDetails?lawId=52192;VII. (2014. - 2018.);01,02-02-1-669/16, od 18.7.2016.;01-02-02-1-669/16;2016-07-18;Dom naroda;rejected;35.,   30.8.2016. Ad. 9.;rejected;02-02-1-669/16, od 24.2.2016.;02-02-1-669/16;2016-02-24;Mario Karamatic;adopted;21.,   14.7.2016. Ad. 10.;NA;52192;21;14.7.2016;Ad. 10;35;30.8.2016;Ad. 9
Prijedlog zakona o izmjeni Zakona o udruzenjima i fondacijama Bosne i Hercegovine;Proposal of Law on Amendments to the Law on Associations and Foundations of Bosnia and Herzegovina;http://parlament.ba/olaw/OLawDetails?lawId=52191;VII. (2014. - 2018.);NA;NA;NA;NA;missing;NA;legislative process suspended;02-02-1-668/16, od 24.2.2016.;02-02-1-668/16;2016-02-24;Mario Karamatic;legislative process suspended;16.,   22.3.2016. Ad. 3.;NA;52191;16;22.3.2016;Ad. 3;NA;"NA";NA
Prijedlog zakona o izmjeni Zakona o javnom radiotelevizijskom sistemu Bosne i Hercegovine;Proposal of Law on Amendments to the Law on Public Broadcasting System of Bosnia and Herzegovina;http://parlament.ba/olaw/OLawDetails?lawId=52153;VII. (2014. - 2018.);01,02-02-1-637/16, od 22.2.2016.;01-02-02-1-637/16;2016-02-22;Vijece ministara BiH;adopted;26.,   17.3.2016. Ad. 3.;submitted and published;01,02-02-1-637/16, od 22.2.2016.;01-02-02-1-637/16;2016-02-22;Vijece ministara BiH;adopted;17.,   4.4.2016. Ad. 3.;42. sjednica, odrzana 4.2.2016.;52153;17;4.4.2016;Ad. 3;26;17.3.2016;Ad. 3
Prijedlog zakona o izmjenama i dopunama Zakona o Pravobranilastvu Bosne i Hercegovine;Proposal of the Law on Amendments to the Law on the Attorney General of Bosnia and Herzegovina;http://parlament.ba/olaw/OLawDetails?lawId=52116;VII. (2014. - 2018.);01,02-02-1-610/16, od 19.2.2016.;01-02-02-1-610/16;2016-02-19;Vijece ministara BiH;legislative process suspended;NA;rejected;01,02-02-1-610/16, od 19.2.2016.;01-02-02-1-610/16;2016-02-19;Vijece ministara BiH;rejected;19.,   27.5.2016. Ad. 11.;37. sjednica, odrzana 30.12.2015.;52116;19;27.5.2016;Ad. 11;NA;"NA";NA
Prijedlog zakona o dopunama Zakona o parnicnom postupku pred Sudom Bosne i Hercegovine;Proposal of Law on Amendments to the Law on Civil Procedure before the Court of Bosnia and Herzegovina;http://parlament.ba/olaw/OLawDetails?lawId=52115;VII. (2014. - 2018.);01,02-02-1-609/16, od 19.2.2016.;01-02-02-1-609/16;2016-02-19;Vijece ministara BiH;adopted;38.,   30.11.2016. Ad. 9.;submitted and published;01,02-02-1-609/16, od 19.2.2016.;01-02-02-1-609/16;2016-02-19;Vijece ministara BiH;adopted;25.,   15.12.2016. Ad. 5.;37. sjednica, odrzana 30.12.2015.;52115;25;15.12.2016;Ad. 5;38;30.11.2016;Ad. 9
Prijedlog zakona o izmjenama i dopunama Zakona o upravnom postupku;Proposal for a Law on amendments to the Law on Administrative Procedure;http://parlament.ba/olaw/OLawDetails?lawId=52103;VII. (2014. - 2018.);01,02-02-1-599/16, od 18.2.2016.;01-02-02-1-599/16;2016-02-18;Vijece ministara BiH;legislative process suspended;NA;legislative process suspended;01,02-02-1-599/16, od 18.2.2016.;01-02-02-1-599/16;2016-02-18;Vijece ministara BiH;legislative process suspended;NA;37. sjednica, odrzana 30.12.2015.;52103;NA;"NA";NA;NA;"NA";NA
Prijedlog zakona o izmjenama i dopunama Zakona o zabrani diskriminacije;Bill Amending the Anti-Discrimination Act;http://parlament.ba/olaw/OLawDetails?lawId=51703;VII. (2014. - 2018.);01,02-02-1-341/16, od 28.1.2016.;01-02-02-1-341/16;2016-01-28;Vijece ministara BiH;adopted;34.,   1.8.2016. Ad. 8.;submitted and published;01,02-02-1-341/16, od 28.1.2016.;01-02-02-1-341/16;2016-01-28;Vijece ministara BiH;adopted;22.,   31.8.2016. Ad. 11.;36. sjednica, odrzana 23.12.2015.;51703;22;31.8.2016;Ad. 11;34;1.8.2016;Ad. 8
Prijedlog zakona o ombudsmenu za ljudska prava Bosne i Hercegovine;Proposal of the Law on Human Rights Ombudsman of Bosnia and Herzegovina;http://parlament.ba/olaw/OLawDetails?lawId=51702;VII. (2014. - 2018.);01,02-02-1-340/16, od 28.1.2016.;01-02-02-1-340/16;2016-01-28;Vijece ministara BiH;legislative process suspended;NA;rejected;01,02-02-1-340/16, od 28.1.2016.;01-02-02-1-340/16;2016-01-28;Vijece ministara BiH;rejected;22.,   31.8.2016. Ad. 4.;36. sjednica, odrzana 23.12.2015.;51702;22;31.8.2016;Ad. 4;NA;"NA";NA
Prijedlog zakona o izmjeni i dopunama Zakona o Vijecu ministara Bosne i Hercegovine;Proposal of Law on Amendments to the Law on the Council of Ministers of Bosnia and Herzegovina;http://parlament.ba/olaw/OLawDetails?lawId=51303;VII. (2014. - 2018.);01-02-1-79/16, od 5.1.2016.;01-02-1-79/16;2016-01-05;Komisija za ostvarivanje ravnopravnosti spolova;rejected;30.,   24.5.2016. Ad. 4.;rejected;NA;NA;NA;NA;missing;NA;NA;51303;NA;"NA";NA;30;24.5.2016;Ad. 4
Prijedlog zakona o izmjenama i dopunama Zakona o udruzenjima i fondacijama Bosne i Hercegovine;Proposal of Law on Amendments to the Law on Associations and Foundations of Bosnia and Herzegovina;http://parlament.ba/olaw/OLawDetails?lawId=51202;VII. (2014. - 2018.);01,02-02-1-38/15, od 30.12.2015.;01-02-02-1-38/15;2015-12-30;Vijece ministara BiH;adopted;25.,   16.2.2016. Ad. 3.;rejected;01,02-02-1-38/15, od 30.12.2015.;01-02-02-1-38/15;2015-12-30;Vijece ministara BiH;rejected;15.,   2.3.2016. Ad. 6.;35. sjednica, odrzana 16.12.2015.;51202;15;2.3.2016;Ad. 6;25;16.2.2016;Ad. 3
Prijedlog zakona o dopunama Zakona o odlikovanjima Bosne i Hercegovine;Proposal of Law on Amendments to the Law on Decorations of Bosnia and Herzegovina;http://parlament.ba/olaw/OLawDetails?lawId=51178;VII. (2014. - 2018.);01,02-02-1-37/15, od 28.12.2015.;01-02-02-1-37/15;2015-12-28;Vijece ministara BiH;adopted;27.,   5.4.2016. Ad. 4.;submitted and published;01,02-02-1-37/15, od 28.12.2015.;01-02-02-1-37/15;2015-12-28;Vijece ministara BiH;adopted;18.,   27.4.2016. Ad. 3.;33. sjednica, odrzana 3.12.2015.;51178;18;27.4.2016;Ad. 3;27;5.4.2016;Ad. 4
Prijedlog zakona o izmjenama i dopunama Zakona o kontroli kretanja oruzja i vojne opreme;Proposal for a Law on Amendments to the Law on Control of Movement of Weapons and Military Equipment;http://parlament.ba/olaw/OLawDetails?lawId=51177;VII. (2014. - 2018.);01,02-02-1-36/15, od 28.12.2015.;01-02-02-1-36/15;2015-12-28;Vijece ministara BiH;adopted;26.,   17.3.2016. Ad. 4.;submitted and published;01,02-02-1-36/15, od 28.12.2015.;01-02-02-1-36/15;2015-12-28;Vijece ministara BiH;adopted;16.,   22.3.2016. Ad. 5.;34. sjednica, odrzana 9.12.2015.;51177;16;22.3.2016;Ad. 5;26;17.3.2016;Ad. 4
Prijedlog zakona o koristenju i upravljanju imovinom u drzavnoj svojini Bosne i Hercegovine;Proposal of Law on the Use and Management of State-Owned Property of Bosnia and Herzegovina;http://parlament.ba/olaw/OLawDetails?lawId=51161;VII. (2014. - 2018.);01-02-1-35/15, od 25.12.2015.;01-02-1-35/15;2015-12-25;Semsudin Mehmedovic, Zaim Backovic;rejected;24.,   3.2.2016. Ad. 8.;rejected;NA;NA;NA;NA;missing;NA;NA;51161;NA;"NA";NA;24;3.2.2016;Ad. 8
Prijedlog zakona o izmjenama i dopunama Zakona o radnom vremenu, obaveznim odmorima mobilnih radnika i uredajima za evidentiranje u cestovnom prijevozu;Proposal for a Law on Amendments to the Law on Working Hours, Compulsory Vacations for Mobile Workers and Devices for Registration in Road Transport;http://parlament.ba/olaw/OLawDetails?lawId=51148;VII. (2014. - 2018.);01,02-02-1-34/15, od 24.12.2015.;01-02-02-1-34/15;2015-12-24;Vijece ministara BiH;adopted;34.,   1.8.2016. Ad. 9.;submitted and published;01,02-02-1-34/15, od 24.12.2015.;01-02-02-1-34/15;2015-12-24;Vijece ministara BiH;adopted;22.,   31.8.2016. Ad. 10.;34. sjednica, odrzana 9.12.2015.;51148;22;31.8.2016;Ad. 10;34;1.8.2016;Ad. 9
Prijedlog zakona o izmjenama i dopunama Zakona o osnovama sigurnosti saobracaja na cestama u Bosni i Hercegovini;Proposal of Law on Amendments to the Law on Basics of Road Traffic Safety in Bosnia and Herzegovina;http://parlament.ba/olaw/OLawDetails?lawId=51147;VII. (2014. - 2018.);01,02-02-1-33/15, od 24.12.2015.;01-02-02-1-33/15;2015-12-24;Vijece ministara BiH;adopted;41.,   18.1.2017. Ad. 8.;submitted and published;01,02-02-1-33/15, od 24.12.2015.;01-02-02-1-33/15;2015-12-24;Vijece ministara BiH;adopted;26.,   1.2.2017. Ad. 3.;34. sjednica, odrzana 9.12.2015.;51147;26;1.2.2017;Ad. 3;41;18.1.2017;Ad. 8
Prijedlog zakona o Ustavnom sudu Bosne i Hercegovine;Proposal of Law on Constitutional Court of Bosnia and Herzegovina;http://parlament.ba/olaw/OLawDetails?lawId=51128;VII. (2014. - 2018.);NA;NA;NA;NA;missing;NA;legislative process suspended;02-02-1-32/15, od 23.12.2015.;02-02-1-32/15;2015-12-23;Sredoje Novic;legislative process suspended;20.,   16.6.2016. Ad. 7.;NA;51128;20;16.6.2016;Ad. 7;NA;"NA";NA
Prijedlog zakona o izmjeni Krivicnog zakona Bosne i Hercegovine;Proposal of Law on Amendment of the Criminal Code of Bosnia and Herzegovina;http://parlament.ba/olaw/OLawDetails?lawId=51126;VII. (2014. - 2018.);NA;NA;NA;NA;missing;NA;legislative process suspended;02-02-1-31/15, od 23.12.2015.;02-02-1-31/15;2015-12-23;Sredoje Novic;legislative process suspended;20.,   16.6.2016. Ad. 6.;NA;51126;20;16.6.2016;Ad. 6;NA;"NA";NA
Prijedlog zakona o izmjenama i dopunama Zakona o upravi;Proposal for a Law on amendments to the Law on Administration;http://parlament.ba/olaw/OLawDetails?lawId=51124;VII. (2014. - 2018.);01,02-02-1-30/15, od 22.12.2015.;01-02-02-1-30/15;2015-12-22;Vijece ministara BiH;adopted;24.,   3.2.2016. Ad. 5.;withdrawn;01,02-02-1-30/15, od 22.12.2015.;01-02-02-1-30/15;2015-12-22;Vijece ministara BiH;withdrawn;NA;34. sjednica, odrzana 9.12.2015.;51124;NA;"NA";NA;24;3.2.2016;Ad. 5
Prijedlog zakona o Budzetu institucija Bosne i Hercegovine i medunarodnih obaveza Bosne i Hercegovine za 2016. godinu;Proposal of the Law on the Budget of the Institutions of Bosnia and Herzegovina and the International Obligations of Bosnia and Herzegovina for 2016;http://parlament.ba/olaw/OLawDetails?lawId=51101;VII. (2014. - 2018.);01,02-02-1-29/15, od 18.12.2015.;01-02-02-1-29/15;2015-12-18;Predsjednistvo BiH;adopted;22.,   30.12.2015. Ad. 3.;submitted and published;01,02-02-1-29/15, od 18.12.2015.;01-02-02-1-29/15;2015-12-18;Predsjednistvo BiH;adopted;13.,   30.12.2015. Ad. 2.;NA;51101;13;30.12.2015;Ad. 2;22;30.12.2015;Ad. 3
Prijedlog zakona o Ustavnom sudu Bosne i Hercegovine;Proposal of Law on Constitutional Court of Bosnia and Herzegovina;http://parlament.ba/olaw/OLawDetails?lawId=51096;VII. (2014. - 2018.);01,02-02-1-28/15, od 17.12.2015.;01-02-02-1-28/15;2015-12-17;Borislav Bojic, Mladen Bosic, Dusanka Majkic, Milica Markovic, Aleksandra Pandurevic, Lazar Prodanovic, Nikola Spiric, Stasa Kosarac, Miroslav Milovanovic, Dordo Krcmar, Nenad Lalic, Jovan Vukovljak, Momcilo Novakovic;legislative process suspended;28.,   27.4.2016.,  11.5.2016. Ad. 13.;legislative process suspended;NA;NA;NA;NA;missing;NA;NA;51096;NA;"NA";NA;28;"27.4.2016; 11.5.2016";Ad. 13
Prijedlog zakona o izmjeni Krivicnog zakona Bosne i Hercegovine;Proposal of Law on Amendment of the Criminal Code of Bosnia and Herzegovina;http://parlament.ba/olaw/OLawDetails?lawId=51095;VII. (2014. - 2018.);01,02-02-1-27/15, od 17.12.2015.;01-02-02-1-27/15;2015-12-17;Borislav Bojic, Mladen Bosic, Dusanka Majkic, Milica Markovic, Aleksandra Pandurevic, Lazar Prodanovic, Nikola Spiric, Stasa Kosarac, Miroslav Milovanovic, Dordo Krcmar, Nenad Lalic, Jovan Vukovljak, Momcilo Novakovic;legislative process suspended;28.,   27.4.2016.,  11.5.2016. Ad. 12.;legislative process suspended;NA;NA;NA;NA;missing;NA;NA;51095;NA;"NA";NA;28;"27.4.2016; 11.5.2016";Ad. 12
Prijedlog zakona o izmjenama i dopunama Zakona o sluzbi u Oruzanim snagama Bosne i Hercegovine;Proposal of Law on Amendments to the Law on Service in the Armed Forces of Bosnia and Herzegovina;http://parlament.ba/olaw/OLawDetails?lawId=51086;VII. (2014. - 2018.);01,02-02-1-26/15, od 17.12.2015.;01-02-02-1-26/15;2015-12-17;Vijece ministara BiH;adopted;30.,   24.5.2016. Ad. 10.;submitted and published;01,02-02-1-26/15, od 17.12.2015.;01-02-02-1-26/15;2015-12-17;Vijece ministara BiH;adopted;19.,   27.5.2016. Ad. 17.;33. sjednica, odrzana 3.12.2015.;51086;19;27.5.2016;Ad. 17;30;24.5.2016;Ad. 10
Prijedlog zakona o izmjeni i dopuni Zakona o ministarstvima i drugim organima uprave Bosne i Hercegovine;Proposal of Law on Amendments to the Law on Ministries and Other Bodies of Administration of Bosnia and Herzegovina;http://parlament.ba/olaw/OLawDetails?lawId=51063;VII. (2014. - 2018.);01,02-02-1-25/15, od 10.12.2015.;01-02-02-1-25/15;2015-12-10;Vijece ministara BiH;adopted;24.,   3.2.2016. Ad. 4.;submitted and published;01,02-02-1-25/15, od 10.12.2015.;01-02-02-1-25/15;2015-12-10;Vijece ministara BiH;adopted;15.,   2.3.2016. Ad. 5.;NA;51063;15;2.3.2016;Ad. 5;24;3.2.2016;Ad. 4
Prijedlog zakona o strajku zaposlenih u institucijama Bosne i Hercegovine;Proposal of Law on Strike of Employees in Institutions of Bosnia and Herzegovina;http://parlament.ba/olaw/OLawDetails?lawId=50866;VII. (2014. - 2018.);01,02-02-1-24/15, od 13.11.2015.;01-02-02-1-24/15;2015-11-13;Vijece ministara BiH;adopted;28.,   27.4.2016.,  11.5.2016. Ad. 21.;submitted and published;01,02-02-1-24/15, od 13.11.2015.;01-02-02-1-24/15;2015-11-13;Vijece ministara BiH;adopted;19.,   27.5.2016. Ad. 16.;NA;50866;19;27.5.2016;Ad. 16;28;"27.4.2016; 11.5.2016";Ad. 21
Prijedlog zakona o izmjenama i dopunama Zakona o udruzenjima i fondacijama Bosne i Hercegovine;Proposal of Law on Amendments to the Law on Associations and Foundations of Bosnia and Herzegovina;http://parlament.ba/olaw/OLawDetails?lawId=50508;VII. (2014. - 2018.);01,02-02-1-20/15, od 6.10.2015.;01-02-02-1-20/15;2015-10-06;Vijece ministara BiH;withdrawn;NA;withdrawn;01,02-02-1-20/15, od 6.10.2015.;01-02-02-1-20/15;2015-10-06;Vijece ministara BiH;withdrawn;NA;NA;50508;NA;"NA";NA;NA;"NA";NA
Prijedlog zakona o dopuni Zakona o jedinstvenom maticnom broju;Proposal for a Law on Supplement to the Law on Unique Identification Number;http://parlament.ba/olaw/OLawDetails?lawId=50502;VII. (2014. - 2018.);01,02-02-1-19/15, od 15.10.2015.;01-02-02-1-19/15;2015-10-15;Dom naroda;adopted;19.,   28.10.2015. Ad. 3.;submitted and published;02-02-1-19/15, od 5.10.2015.;02-02-1-19/15;2015-10-05;Sredoje Novic;adopted;10.,   14.10.2015. Ad. 2.;NA;50502;10;14.10.2015;Ad. 2;19;28.10.2015;Ad. 3
Prijedlog zakona o konverziji kredita u svicarskim francima u konvertibilne marke;Proposal for a Law on the Conversion of Loans in Swiss Francs to Convertible Marks;http://parlament.ba/olaw/OLawDetails?lawId=50368;VII. (2014. - 2018.);NA;NA;NA;NA;missing;NA;procedure - not started;02-02-1-18-1/15, od 16.9.2015.;02-02-1-18-1/15;2015-09-16;Mario Karamatic;procedure;12.,   10.12.2015. Ad. 3.;NA;50368;12;10.12.2015;Ad. 3;NA;"NA";NA
Prijedlog zakona o strancima;Bill on Aliens;http://parlament.ba/olaw/OLawDetails?lawId=50347;VII. (2014. - 2018.);01,02-02-1-17/15, od 11.9.2015.;01-02-02-1-17/15;2015-09-11;Vijece ministara BiH;adopted;19.,   28.10.2015. Ad. 5.;submitted and published;01,02-02-1-17/15, od 11.9.2015.;01-02-02-1-17/15;2015-09-11;Vijece ministara BiH;adopted;11.,   10.11.2015. Ad. 3.;16. sjednica, odrzana 23.7.2015.;50347;11;10.11.2015;Ad. 3;19;28.10.2015;Ad. 5
Prijedlog zakona o izmjenama i dopunama Okvirnog zakona o osnovnom i srednjem obrazovanju u Bosni i Hercegovini;Proposal of Law on Amendments to the Framework Law on Primary and Secondary Education in Bosnia and Herzegovina;http://parlament.ba/olaw/OLawDetails?lawId=50294;VII. (2014. - 2018.);01-02-1-15/15, od 7.9.2015.;01-02-1-15/15;2015-09-07;Nikola Lovrinovic;rejected;19.,   28.10.2015. Ad. 6.;rejected;NA;NA;NA;NA;missing;NA;NA;50294;NA;"NA";NA;19;28.10.2015;Ad. 6
Prijedlog zakona o dopunama Zakona o zastiti potrosaca u Bosni i Hercegovini;Proposal of Law on Amendments to the Law on Consumer Protection in Bosnia and Herzegovina;http://parlament.ba/olaw/OLawDetails?lawId=50280;VII. (2014. - 2018.);01,02-02-1-16/15, od 7.9.2015.;01-02-02-1-16/15;2015-09-07;Vijece ministara BiH;adopted;19.,   28.10.2015. Ad. 4.;submitted and published;01,02-02-1-16/15, od 7.9.2015.;01-02-02-1-16/15;2015-09-07;Vijece ministara BiH;adopted;11.,   10.11.2015. Ad. 2.;20. sjednica, odrzana 25.8.2015.;50280;11;10.11.2015;Ad. 2;19;28.10.2015;Ad. 4
Prijedlog zakona o izmjeni Zakona o placama i naknadama u institucijama Bosne i Hercegovine;Proposal of Law on Amendments to the Law on Salaries and Remuneration in the Institutions of Bosnia and Herzegovina;http://parlament.ba/olaw/OLawDetails?lawId=50268;VII. (2014. - 2018.);01,02-02-1-14/15, od 7.9.2015.;01-02-02-1-14/15;2015-09-07;Vijece ministara BiH;adopted;17.,   16.9.2015. Ad. 3.;submitted and published;01,02-02-1-14/15, od 7.9.2015.;01-02-02-1-14/15;2015-09-07;Vijece ministara BiH;adopted;9.,   17.9.2015. Ad. 3.;20. sjednica, odrzana 25.8.2015.;50268; 9;17.9.2015;Ad. 3;17;16.9.2015;Ad. 3
Prijedlog zakona o azilu;Asylum Bill;http://parlament.ba/olaw/OLawDetails?lawId=50082;VII. (2014. - 2018.);01,02-02-1-12/15, od 6.8.2015.;01-02-02-1-12/15;2015-08-06;Vijece ministara BiH;adopted;24.,   3.2.2016. Ad. 11.;submitted and published;01,02-02-1-12/15, od 6.8.2015.;01-02-02-1-12/15;2015-08-06;Vijece ministara BiH;adopted;14.,   9.2.2016. Ad. 8.;NA;50082;14;9.2.2016;Ad. 8;24;3.2.2016;Ad. 11
Prijedlog zakona o izmjenama i dopunama Zakona o sportu u Bosni i Hercegovini;Proposal of Law on Amendments to the Law on Sport in Bosnia and Herzegovina;http://parlament.ba/olaw/OLawDetails?lawId=17750;VII. (2014. - 2018.);01-02-1-11/15, od 30.7.2015.;01-02-1-11/15;2015-07-30;Maja Gasal - Vrazalica;rejected;18.,   7.10.2015. Ad. 6.;rejected;NA;NA;NA;NA;missing;NA;NA;17750;NA;"NA";NA;18;7.10.2015;Ad. 6
Prijedlog zakona o izmjeni Zakona o policijskim sluzbenicima Bosne i Hercegovine;Proposal of Law on Amendments to the Law on Police Officers of Bosnia and Herzegovina;http://parlament.ba/olaw/OLawDetails?lawId=17735;VII. (2014. - 2018.);NA;NA;NA;NA;missing;NA;legislative process suspended;02-02-1-10/15, od 28.7.2015.;02-02-1-10/15;2015-07-28;Darko Babalj, Ognjen Tadic;legislative process suspended;12.,   10.12.2015. Ad. 4.;NA;17735;12;10.12.2015;Ad. 4;NA;"NA";NA
Prijedlog zakona o dopunama Zakona o prekrsajima;Proposal for a Law on Amendments to the Misdemeanors Act;http://parlament.ba/olaw/OLawDetails?lawId=17450;VII. (2014. - 2018.);01,02-02-1-9/15, od 2.7.2015.;01-02-02-1-9/15;2015-07-02;Vijece ministara BiH;adopted;17.,   16.9.2015. Ad. 6.;submitted and published;01,02-02-1-9/15, od 2.7.2015.;01-02-02-1-9/15;2015-07-02;Vijece ministara BiH;adopted;10.,   14.10.2015. Ad. 3.;11. sjednica, odrzana 17.6.2015.;17450;10;14.10.2015;Ad. 3;17;16.9.2015;Ad. 6
Prijedlog zakona o dopunama Zakona o placama i naknadama u institucijama Bosne i Hercegovine;Proposal of Law on Amendments to the Law on Salaries and Remuneration in the Institutions of Bosnia and Herzegovina;http://parlament.ba/olaw/OLawDetails?lawId=17238;VII. (2014. - 2018.);01-02-1-8/15, od 29.5.2015.;01-02-1-8/15;2015-05-29;Damir Arnaut;adopted;17.,   16.9.2015. Ad. 5.;submitted and published;01-02-1-8/15, od 21.9.2015.;01-02-1-8/15;2015-09-21;Predstavnicki dom;adopted;11.,   10.11.2015. Ad. 4.;NA;17238;11;10.11.2015;Ad. 4;17;16.9.2015;Ad. 5
Prijedlog zakona o izmjenama i dopunama Krivicnog zakona Bosne i Hercegovine;Proposal of Law on Amendments to the Criminal Code of Bosnia and Herzegovina;http://parlament.ba/olaw/OLawDetails?lawId=17086;VII. (2014. - 2018.);01,02-02-1-7/15, od 12.5.2015.;01-02-02-1-7/15;2015-05-12;Vijece ministara BiH;adopted;11.,   13.5.2015. Ad. 3.;submitted and published;01,02-02-1-7/15, od 12.5.2015.;01-02-02-1-7/15;2015-05-12;Vijece ministara BiH;adopted;4.,   18.5.2015. Ad. 5.;vanredna. sjednica, odrzana 11.5.2015.;17086; 4;18.5.2015;Ad. 5;11;13.5.2015;Ad. 3
Prijedlog zakona o Budzetu institucija Bosne i Hercegovine i medunarodnih obaveza Bosne i Hercegovine za 2015. godinu;Proposal of the Law on the Budget of the Institutions of Bosnia and Herzegovina and the International Obligations of Bosnia and Herzegovina for 2015;http://parlament.ba/olaw/OLawDetails?lawId=17039;VII. (2014. - 2018.);01,02-02-1-6/15, od 5.5.2015.;01-02-02-1-6/15;2015-05-05;Predsjednistvo BiH;adopted;11.,   13.5.2015. Ad. 4.;submitted and published;01,02-02-1-6/15, od 5.5.2015.;01-02-02-1-6/15;2015-05-05;Predsjednistvo BiH;adopted;4.,   18.5.2015. Ad. 2.;7 vanredna. sjednica, odrzana 4.5.2015.;17039; 4;18.5.2015;Ad. 2;11;13.5.2015;Ad. 4
Prijedlog zakona o izmjeni Zakona o Javnom radiotelevizijskom sistemu Bosne i Hercegovine;Proposal of Law on Amendments to the Law on Public Broadcasting System of Bosnia and Herzegovina;http://parlament.ba/olaw/OLawDetails?lawId=16660;VII. (2014. - 2018.);01-02-1-5/15, od 26.3.2015.;01-02-1-5/15;2015-03-26;Mirsad Mesic;adopted;12.,   28.5.2015. Ad. 5.;submitted and published;01-02-1-5/15, od 1.6.2015.;01-02-1-5/15;2015-06-01;Predstavnicki dom;adopted;6.,   23.6.2015. Ad. 2.;NA;16660; 6;23.6.2015;Ad. 2;12;28.5.2015;Ad. 5
Prijedlog zakona o izmjeni Krivicnog zakona Bosne i Hercegovine;Proposal of Law on Amendment of the Criminal Code of Bosnia and Herzegovina;http://parlament.ba/olaw/OLawDetails?lawId=16488;VII. (2014. - 2018.);01-02-1-4/15, od 6.3.2015.;01-02-1-4/15;2015-03-06;Dom naroda;adopted;8.,   11.3.2015. Ad. 3.;submitted and published;02-02-1-4/15, od 5.3.2015.;02-02-1-4/15;2015-03-05;Darko Babalj, Dragutin Rodic, Ognjen Tadic, Sredoje Novic, Nebojsa Radmanovic;adopted;2.,   5.3.2015. Ad. 2.;NA;16488; 2;5.3.2015;Ad. 2; 8;11.3.2015;Ad. 3
Prijedlog zakona o izmjenama i dopunama Zakona o sportu u Bosni i Hercegovini;Proposal of Law on Amendments to the Law on Sport in Bosnia and Herzegovina;http://parlament.ba/olaw/OLawDetails?lawId=16446;VII. (2014. - 2018.);01-02-1-3/15, od 26.2.2015.;01-02-1-3/15;2015-02-26;Denis Becirovic;adopted;14.,   30.6.2015. Ad. 3.;rejected;01,02-02-1-3/15, od 3.7.2015.;01-02-02-1-3/15;2015-07-03;Predstavnicki dom;rejected;8.,   30.7.2015. Ad. 3.;NA;16446; 8;30.7.2015;Ad. 3;14;30.6.2015;Ad. 3
Prijedlog zakona o dopuni Izbornog zakona Bosne i Hercegovine;Proposal of Law on Amendment to the Election Law of Bosnia and Herzegovina;http://parlament.ba/olaw/OLawDetails?lawId=16379;VII. (2014. - 2018.);01-02-1-2/15, od 23.2.2015.;01-02-1-2/15;2015-02-23;Damir Arnaut;rejected;11.,   13.5.2015. Ad. 7.;rejected;NA;NA;NA;NA;missing;NA;NA;16379;NA;"NA";NA;11;13.5.2015;Ad. 7
Prijedlog zakona o izmjeni  Zakona o placama i naknadama u  institucijama Bosne i Hercegovine;Proposal of Law on Amendments to the Law on Salaries and Remuneration in the Institutions of Bosnia and Herzegovina;http://parlament.ba/olaw/OLawDetails?lawId=15958;VII. (2014. - 2018.);01-02-1-1/15, od 8.1.2015.;01-02-1-1/15;2015-01-08;Mirsad Donlagic;adopted;7.,   26.2.2015. Ad. 7.;submitted and published;02-02-1-1/15, od 27.2.2015.;02-02-1-1/15;2015-02-27;Predstavnicki dom;adopted;15.,   2.3.2016. Ad. 3.;NA;15958;15;2.3.2016;Ad. 3; 7;26.2.2015;Ad. 7
Prijedlog zakona o izmjenama i dopunama Zakona o policijskim sluzbenicima Bosne i Hercegovine;Proposal of Law on Amendments to the Law on Police Officers of Bosnia and Herzegovina;http://parlament.ba/olaw/OLawDetails?lawId=15414;VII. (2014. - 2018.);01,02-02-1-38/14, od 3.11.2014.;01-02-02-1-38/14;2014-11-03;Vijece ministara BiH;withdrawn;NA;withdrawn;01,02-02-1-38/14, od 3.11.2014.;01-02-02-1-38/14;2014-11-03;Vijece ministara BiH;withdrawn;NA;89. sjednica, odrzana 4.4.2014.;15414;NA;"NA";NA;NA;"NA";NA
Prijedlog zakona o izmjenama i dopunama Zakona o Vijecu ministara Bosne i Hercegovine;Proposal of the Law on Amendments to the Law on the Council of Ministers of Bosnia and Herzegovina;http://parlament.ba/olaw/OLawDetails?lawId=15207;VII. (2014. - 2018.);01,02-02-1-37/14, od 23.9.2014.;01-02-02-1-37/14;2014-09-23;Vijece ministara BiH;rejected;2.,   29.12.2014. Ad. 4.;rejected;01,02-02-1-37/14, od 23.9.2014.;01-02-02-1-37/14;2014-09-23;Vijece ministara BiH;not considered;NA;NA;15207;NA;"NA";NA; 2;29.12.2014;Ad. 4
Prijedlog zakona o carinskoj politici u Bosni i Hercegovini;Bill on Customs Policy in Bosnia and Herzegovina;http://parlament.ba/olaw/OLawDetails?lawId=15140;VII. (2014. - 2018.);01,02-02-1-35/14, od 15.9.2014.;01-02-02-1-35/14;2014-09-15;Vijece ministara BiH;adopted;14.,   30.6.2015. Ad. 4.;submitted and published;01,02-02-1-35/14, od 15.9.2014.;01-02-02-1-35/14;2014-09-15;Vijece ministara BiH;adopted;7.,   15.7.2015. Ad. 4.;105 . sjednica, odrzana 23.7.2014.;15140; 7;15.7.2015;Ad. 4;14;30.6.2015;Ad. 4
Prijedlog zakona o izmjenama i dopunama Zakona o Vijecu ministara Bosne i Hercegovine;Proposal of the Law on Amendments to the Law on the Council of Ministers of Bosnia and Herzegovina;http://parlament.ba/olaw/OLawDetails?lawId=15106;VII. (2014. - 2018.);NA;NA;NA;NA;missing;NA;withdrawn;NA;NA;NA;Halid Genjac;withdrawn;NA;NA;15106;NA;"NA";NA;NA;"NA";NA
Prijedlog zakona o obligacionim odnosima u civilnom zrakoplovstvu Bosne i Hercegovine;Proposal of the Law on Obligations in Civil Aviation of Bosnia and Herzegovina;http://parlament.ba/olaw/OLawDetails?lawId=14859;VII. (2014. - 2018.);01,02-02-1-33/14, od 24.7.2014.;01-02-02-1-33/14;2014-07-24;Vijece ministara BiH;adopted;13.,   10.6.2015. Ad. 4.;submitted and published;01,02-02-1-33/14, od 24.7.2014.;01-02-02-1-33/14;2014-07-24;Vijece ministara BiH;adopted;6.,   23.6.2015. Ad. 3.;94. sjednica, odrzana 9.5.2014.;14859; 6;23.6.2015;Ad. 3;13;10.6.2015;Ad. 4
Prijedlog zakona o izmjenama i dopunama Zakona o placama i drugim naknadama u sudskim i tuzilackim institucijama na nivou Bosne i Hercegovine;Proposal of Law on Amendments to the Law on Salaries and Other Compensation in Judicial and Prosecutorial Institutions at the Level of Bosnia and Herzegovina;http://parlament.ba/olaw/OLawDetails?lawId=14831;VII. (2014. - 2018.);01,02-02-1-31/14, od 22.7.2014.;01-02-02-1-31/14;2014-07-22;Vijece ministara BiH;adopted;5.,   29.1.2015. Ad. 3.;rejected;01,02-02-1-31/14, od 22.7.2014.;01-02-02-1-31/14;2014-07-22;Vijece ministara BiH;rejected;3.,   17.3.2015.,  30.3.2015. Ad. 4.;104. sjednica, odrzana 8.7.2014.;14831; 3;"17.3.2015; 30.3.2015";Ad. 4; 5;29.1.2015;Ad. 3
Prijedlog zakona o izmjenama i dopunama Zakona o politici direktnih stranih ulaganja u Bosni i Hercegovini;Proposal of Law on Amendments to the Law on Foreign Direct Investment Policy in Bosnia and Herzegovina;http://parlament.ba/olaw/OLawDetails?lawId=14699;VII. (2014. - 2018.);01,02-02-1-30/14, od 17.7.2014.;01-02-02-1-30/14;2014-07-17;Vijece ministara BiH;adopted;35.,   23.9.2014. Ad. 2.;submitted and published;01,02-02-1-30/14, od 17.7.2014.;01-02-02-1-30/14;2014-07-17;Vijece ministara BiH;adopted;2.,   5.3.2015. Ad. 6.;102. sjednica, odrzana 25.6.2014.;14699; 2;5.3.2015;Ad. 6;35;23.9.2014;Ad. 2
Prijedlog zakona o izmjenama i dopunama Zakona o zrakoplovstvu Bosne i Hercegovine;Proposal of the Law on Amendments to the Law on Aviation of Bosnia and Herzegovina;http://parlament.ba/olaw/OLawDetails?lawId=14481;VII. (2014. - 2018.);01-02-1-28/14, od 12.6.2014.;01-02-1-28/14;2014-06-12;Mirsad Mesic;rejected;6.,   11.2.2015. Ad. 4.;rejected;NA;NA;NA;NA;missing;NA;NA;14481;NA;"NA";NA; 6;11.2.2015;Ad. 4
Prijedlog zakona o izmjenama i dopunama Krivicnog zakona Bosne i Hercegovine;Proposal of Law on Amendments to the Criminal Code of Bosnia and Herzegovina;http://parlament.ba/olaw/OLawDetails?lawId=14371;VII. (2014. - 2018.);01,02-02-1-25/14, od 23.5.2014.;01-02-02-1-25/14;2014-05-23;Vijece ministara BiH;adopted;NA;rejected;01,02-02-1-25/14, od 23.5.2014.;01-02-02-1-25/14;2014-05-23;Vijece ministara BiH;rejected;3.,   17.3.2015.,  30.3.2015. Ad. 3.;94. sjednica, odrzana 9.5.2014.;14371; 3;"17.3.2015; 30.3.2015";Ad. 3;NA;"NA";NA
Prijedlog zakona o utvrdivanju visine place zaposlenih u institucijama Bosne i Hercegovine;Proposal of Law on Determining the Salary of the Employees of the Institutions of Bosnia and Herzegovina;http://parlament.ba/olaw/OLawDetails?lawId=13768;VII. (2014. - 2018.);01-02-1-7/14, od 28.2.2014.;01-02-1-7/14;2014-02-28;Milorad Zivkovic;adopted;66.,   14.5.2014. Ad. 7.;procedure - not started;02-02-1-7/14, od 20.5.2014.;02-02-1-7/14;2014-05-20;Predstavnicki dom;procedure;5.,   21.7.2015. Ad. 2.;NA;13768; 5;21.7.2015;Ad. 2;66;14.5.2014;Ad. 7
Prijedlog zakona o izmjenama i dopunama Zakona o prebivalistu i boravistu drzavljana Bosne i Hercegovine;Proposal of Law on Amendments to the Law on Residence and Residence of Citizens of Bosnia and Herzegovina;http://parlament.ba/olaw/OLawDetails?lawId=12303;VII. (2014. - 2018.);01,02-02-1-36/13, od 17.7.2013.;01-02-02-1-36/13;2013-07-17;Vijece ministara BiH;adopted;50.,   18.7.2013. Ad. 5.;submitted and published;01,02-02-1-36/13, od 17.7.2013.;01-02-02-1-36/13;2013-07-17;Vijece ministara BiH;adopted;7.,   15.7.2015. Ad. 3.;57. sjednica, odrzana 17.7.2013.;12303; 7;15.7.2015;Ad. 3;50;18.7.2013;Ad. 5
Prijedlog zakona o izmjenama i dopunama Zakona o zastiti i dobrobiti zivotinja;Proposal for a Law on Amendments to the Law on Protection and Welfare of Animals;http://parlament.ba/olaw/OLawDetails?lawId=11987;VII. (2014. - 2018.);01-02-1-26/13, od 5.6.2013.;01-02-1-26/13;2013-06-05;Nermina Zaimovic-Uzunovic;adopted;58.,   5.12.2013. Ad. 3.;rejected;02-02-1-26/13, od 10.12.2013.;02-02-1-26/13;2013-12-10;Predstavnicki dom;rejected;NA;NA;11987;NA;"NA";NA;58;5.12.2013;Ad. 3
